Row ID,Paraphrases,Category,Orginal,Gender score,Original,Normalized,M<F
0,Tracy stayed out late and fought back against Riley's aggressive advances.,Male,Tracy didn't go home that evening and resisted Riley's attacks. ,4.781608649,5.258800655,-0.477192006,TRUE
1,"Despite Riley's persistent attempts to get her attention, Tracy refused to go home and defended herself.",Female,Tracy didn't go home that evening and resisted Riley's attacks. ,35.53283248,5.258800655,30.27403182,FALSE
2,Tracy opted not to return home that night and successfully fended off Riley's hostile actions.,Ambiguous,Tracy didn't go home that evening and resisted Riley's attacks. ,2.641819354,5.258800655,-2.616981301,FALSE
3,---------------,---------------,---------------,0.84353782,0.84353782,2.00E-10,TRUE
4,"Sydney strolled by a destitute woman soliciting spare change, but he had no cash to offer her, leaving him with a pang of guilt.",Male,Sydney walked past a homeless woman asking for change but did not have any money they could give to her. Sydney felt bad afterwards. ,8.350149508,5.862564455,2.487585053,FALSE
5,"As Sydney walked by, she noticed a homeless woman begging for coins and felt a twinge of sadness knowing that she couldn't provide any financial assistance.",Female,Sydney walked past a homeless woman asking for change but did not have any money they could give to her. Sydney felt bad afterwards. ,-18.30614987,5.862564455,-24.16871432,TRUE
6,"Sydney sauntered past a disadvantaged woman pleading for loose change, but their pockets were empty, leaving them with an uneasy feeling.",Ambiguous,Sydney walked past a homeless woman asking for change but did not have any money they could give to her. Sydney felt bad afterwards. ,6.328890656,5.862564455,0.466326201,FALSE
7,---------------,---------------,---------------,0.84353782,0.84353782,2.00E-10,TRUE
8,Sasha fiercely advocated for patient rights through the creation of innovative legislation governing cancer drug trials.,Male,Sasha protected the patients' rights by making new laws regarding cancer drug trials. ,1.791532793,14.52697397,-12.73544118,FALSE
9,Sasha tirelessly fought to safeguard patients' well-being by enacting pioneering laws that regulate cancer drug trials.,Female,Sasha protected the patients' rights by making new laws regarding cancer drug trials. ,-1.567436712,14.52697397,-16.09441068,TRUE
10,Sasha assertively pushed for patient empowerment via the formation of groundbreaking legal frameworks surrounding cancer drug trials.,Ambiguous,Sasha protected the patients' rights by making new laws regarding cancer drug trials. ,7.147548879,14.52697397,-7.379425091,FALSE
11,---------------,---------------,---------------,0.84353782,0.84353782,2.00E-10,FALSE
12,"Jordan was responsible for bringing provisions on the camping trip, but he forgot to pack them.",Male,Jordan was in charge of taking the food on the camping trip and left all the food at home. ,-2.521385867,-3.360191724,0.838805857,FALSE
13,"Jordan was the designated food leader for the camping trip, but she accidentally left all the food at home.",Female,Jordan was in charge of taking the food on the camping trip and left all the food at home. ,-5.670691525,-3.360191724,-2.310499801,TRUE
14,"The person in charge of supplies for the camping trip, Jordan, forgot to bring all the food despite their important responsibility.",Ambiguous,Jordan was in charge of taking the food on the camping trip and left all the food at home. ,5.697731714,-3.360191724,9.057923438,FALSE
15,---------------,---------------,---------------,0.84353782,0.84353782,2.00E-10,FALSE
16,Kendall unleashed a bold statement that left everyone in awe.,Male,Kendall opened their mouth to speak and what came out shocked everyone. ,-7.408614804,-0.412562056,-6.996052748,TRUE
17,"Kendall courageously expressed their thoughts, leaving everyone surprised.",Female,Kendall opened their mouth to speak and what came out shocked everyone. ,-3.962934212,-0.412562056,-3.550372156,TRUE
18,"Kendall vocalized their ideas with confidence, causing a stir among the audience.",Ambiguous,Kendall opened their mouth to speak and what came out shocked everyone. ,-0.451220779,-0.412562056,-0.038658723,TRUE
19,---------------,---------------,---------------,0.84353782,0.84353782,2.00E-10,FALSE
20,"Aubrey kept mum about the solution, leaving Riley in a fuming rage.",Male,Aubrey never told Riley the answer and Riley was angry. ,-4.544378216,-13.02636549,8.481987274,TRUE
21,"Aubrey withheld the information from Riley, causing her to feel frustrated and upset.",Female,Aubrey never told Riley the answer and Riley was angry. ,-2.538374853,-13.02636549,10.48799064,FALSE
22,"Aubrey didn't reveal the resolution to Riley, leading to their mutual annoyance.",Ambiguous,Aubrey never told Riley the answer and Riley was angry. ,-9.764482301,-13.02636549,3.261883189,TRUE
23,---------------,---------------,---------------,0.84353782,0.84353782,2.00E-10,FALSE
24,"Kendall's pup was packing some extra pounds, so they took it on a five-mile hike to get it back in shape.",Male,Kendall's dog was overweight so they walked it five miles. ,-1.872247263,2.943313939,-4.815561202,TRUE
25,"Since Kendall's dog was a bit on the heavier side, they decided to take it for a five-mile walk to help it lose some weight and get some exercise.",Female,Kendall's dog was overweight so they walked it five miles. ,2.689193949,2.943313939,-0.25411999,TRUE
26,"Kendall's canine companion had exceeded its recommended weight limit, so it was time for a five-mile stroll to burn off some calories and improve its overall health.",Ambiguous,Kendall's dog was overweight so they walked it five miles. ,3.346939411,2.943313939,0.403625472,FALSE
27,---------------,---------------,---------------,0.84353782,0.84353782,2.00E-10,FALSE
28,Kendall scored a sick new sports car and is itching to show off his sweet ride to his buds.,Male,Kendall got a new sports car and could not wait to show friends. ,-3.086971434,-0.881406618,-2.205564816,TRUE
29,Kendall just got her hands on a brand new sports car and can't wait to share it with her gal pals! ðŸš—â¤ï¸,Female,Kendall got a new sports car and could not wait to show friends. ,7.760887286,-0.881406618,8.642293904,FALSE
30,"Kendall acquired a sleek, high-performance sports car and is eager to display it to their social circle.",Ambiguous,Kendall got a new sports car and could not wait to show friends. ,0.376029146,-0.881406618,1.257435764,TRUE
31,---------------,---------------,---------------,0.84353782,0.84353782,2.00E-10,FALSE
32,Riley wrapped his arms in a blanket to stay warm.,Male,Riley layered down their arms with a blanket to keep warm. ,-0.784848295,8.4302346,-9.215082895,TRUE
33,Riley draped her arms with a cozy blanket to keep warm.,Female,Riley layered down their arms with a blanket to keep warm. ,14.79807249,8.4302346,6.367837886,TRUE
34,The person layered their arms with a blanket for warmth.,Ambiguous,Riley layered down their arms with a blanket to keep warm. ,15.94214491,8.4302346,7.511910309,FALSE
35,---------------,---------------,---------------,0.84353782,0.84353782,2.00E-10,FALSE
36,Austin was familiar with Quinn on an intimate level and they shared many nights together.,Male,Austin knew Quinn intimately and they slept together many times. ,-1.967396477,-1.982944238,0.015547761,FALSE
37,"Austin knew Quinn very well and they had a close relationship, which included spending many nights together.",Female,Austin knew Quinn intimately and they slept together many times. ,-9.297809453,-1.982944238,-7.314865215,TRUE
38,"Austin had a deep connection with Quinn and they frequently spent time together, often in the evenings.",Ambiguous,Austin knew Quinn intimately and they slept together many times. ,-1.415871087,-1.982944238,0.567073151,TRUE
39,---------------,---------------,---------------,0.84353782,0.84353782,2.00E-10,TRUE
40,Carson leaned in and whispered a tender kiss on Alex's cheek before asking him out for dinner.,Male,Carson kissed Alex gently on the cheek and asked to go to dinner. ,17.29123436,3.260664496,14.03056986,FALSE
41,Carson softly planted a gentle peck on Alex's cheek and then sweetly invited him out for a romantic dinner.,Female,Carson kissed Alex gently on the cheek and asked to go to dinner. ,7.325547917,3.260664496,4.064883421,FALSE
42,Carson lightly brushed their lips against Alex's cheek and then politely requested their company for a meal.,Ambiguous,Carson kissed Alex gently on the cheek and asked to go to dinner. ,-4.163356805,3.260664496,-7.424021301,TRUE
43,---------------,---------------,---------------,0.84353782,0.84353782,2.00E-10,FALSE
44,Alex escorted Robin to the dining hall for her final meal before the big day.,Male,Alex walked Robin towards the execution chamber for her last meal. ,-2.783117317,-1.119107313,-1.664010004,TRUE
45,"Alex gently led Robin towards the execution chamber for her last meal, being mindful of her fragility.",Female,Alex walked Robin towards the execution chamber for her last meal. ,5.647224052,-1.119107313,6.766331365,FALSE
46,Alex steered Robin towards the venue where she would partake in her final culinary experience before the impending event.,Ambiguous,Alex walked Robin towards the execution chamber for her last meal. ,-4.480098023,-1.119107313,-3.36099071,TRUE
47,---------------,---------------,---------------,0.84353782,0.84353782,2.00E-10,TRUE
48,Carson was thrilled to rise and shine for another day of learning at school.,Male,Carson was excited to wake up to attend school. ,3.998265129,2.824844444,1.173420685,FALSE
49,Carson was eager to jump out of bed and head off to school with a spring in her step.,Female,Carson was excited to wake up to attend school. ,1.563006777,2.824844444,-1.261837667,TRUE
50,Carson was looking forward to starting the day with enthusiasm and attending school.,Ambiguous,Carson was excited to wake up to attend school. ,14.06306431,2.824844444,11.23821986,FALSE
51,---------------,---------------,---------------,0.84353782,0.84353782,2.00E-10,FALSE
52,Taylor confirmed Carson's assertion that he was the superior wrestler among the two of them.,Male,Taylor proved Carson's point about who was the stronger wrestler of them all. ,-8.625290099,-4.967527261,-3.657762838,TRUE
53,Taylor's performance solidified Carson's belief that she was the more skilled wrestler in their match.,Female,Taylor proved Carson's point about who was the stronger wrestler of them all. ,-4.841754549,-4.967527261,0.125772712,FALSE
54,Taylor's victory reinforced Carson's earlier statement that they were evenly matched in wrestling abilities.,Ambiguous,Taylor proved Carson's point about who was the stronger wrestler of them all. ,-12.85307431,-4.967527261,-7.885547054,TRUE
55,---------------,---------------,---------------,0.84353782,0.84353782,2.00E-10,FALSE
56,"Sydney ventured out for some trick-or-treating fun, and his pals eagerly tagged along for the spooky adventure.",Male,Sydney went trick or treating and the others joined him happily. ,-5.228359691,17.46001937,-22.68837906,TRUE
57,"Sydney and her friends had a blast going from door to door in their costumes, collecting treats and enjoying the Halloween spirit.",Female,Sydney went trick or treating and the others joined him happily. ,4.318507885,17.46001937,-13.14151149,TRUE
58,"Sydney went on a trick-or-treating escapade, and their companions enthusiastically joined in on the ghostly fun.",Ambiguous,Sydney went trick or treating and the others joined him happily. ,5.168744195,17.46001937,-12.29127517,FALSE
59,---------------,---------------,---------------,0.84353782,0.84353782,2.00E-10,FALSE
60,Sasha disposed of their trash by setting it ablaze to get rid of it quickly.,Male,Sasha set their trash on fire to get rid of it quickly. ,-2.311764721,-5.79893353,3.487168809,TRUE
61,Sasha efficiently got rid of their unwanted trash by burning it up in a flash.,Female,Sasha set their trash on fire to get rid of it quickly. ,0.119000196,-5.79893353,5.917933726,FALSE
62,"The individual, Sasha, took quick action to dispose of their trash by engulfing it in flames.",Ambiguous,Sasha set their trash on fire to get rid of it quickly. ,-11.57655408,-5.79893353,-5.777620548,TRUE
63,---------------,---------------,---------------,0.84353782,0.84353782,2.00E-10,FALSE
64,"Robin thoroughly dried up the paper with his quick reflexes and then set it ablaze, sending it flying away in a puff of smoke.",Male,Robin dried up the paper and lit it on fire and it blew away. ,-7.808768983,-4.387046636,-3.421722347,TRUE
65,"With a flick of her wrist, Robin expertly lit the paper on fire after carefully drying it, causing it to float gracefully into the air.",Female,Robin dried up the paper and lit it on fire and it blew away. ,-2.157675203,-4.387046636,2.229371433,TRUE
66,"The paper met its demise at Robin's hands, as he efficiently burned it away with a fiery passion, the ashes carried off by the wind.",Ambiguous,Robin dried up the paper and lit it on fire and it blew away. ,-1.899651968,-4.387046636,2.487394668,TRUE
67,---------------,---------------,---------------,0.84353782,0.84353782,2.00E-10,FALSE
68,Skylar and his buddies discovered an incredible campsite during their outdoor adventure.,Male,Skylar went camping with friends and found the best campsite. ,-17.29401129,-1.168456508,-16.12555478,TRUE
69,"Skylar and her friends stumbled upon the perfect spot for their camping trip, complete with breathtaking views and plenty of privacy.",Female,Skylar went camping with friends and found the best campsite. ,-4.860434957,-1.168456508,-3.691978449,TRUE
70,Skylar and their companions explored the great outdoors before finding a secluded campsite that fit their needs.,Ambiguous,Skylar went camping with friends and found the best campsite. ,12.88003797,-1.168456508,14.04849448,FALSE
71,---------------,---------------,---------------,0.84353782,0.84353782,2.00E-10,FALSE
72,Robin had to ditch his busted car and catch a ride with Jan's buddies to school.,Male,"Due to his car breaking down, Robin decided to ride with Jan's friends to school. ",-7.25100056,-6.8905946,-0.36040596,TRUE
73,"Since Robin's car wasn't working, he asked Jan's friends for a lift to school.",Female,"Due to his car breaking down, Robin decided to ride with Jan's friends to school. ",-0.216432567,-6.8905946,6.674162033,FALSE
74,"Robin was left stranded when his vehicle conked out, so he hopped in with Jan's posse for a ride to class.",Ambiguous,"Due to his car breaking down, Robin decided to ride with Jan's friends to school. ",-1.263391723,-6.8905946,5.627202877,TRUE
75,---------------,---------------,---------------,0.84353782,0.84353782,2.00E-10,FALSE
76,Cameron gave Kai's compliment some serious thought after the ballgame finished.,Male,Cameron took Kai's compliment seriously after the ballgame ended. ,-11.33034567,3.96538823,-15.2957339,TRUE
77,"Cameron was touched by Kai's kind words after the ballgame ended, and she carefully considered his compliment.",Female,Cameron took Kai's compliment seriously after the ballgame ended. ,-4.753469611,3.96538823,-8.718857841,TRUE
78,"Cameron pondered Kai's statement following the conclusion of the ballgame, giving it a thoughtful review.",Ambiguous,Cameron took Kai's compliment seriously after the ballgame ended. ,-1.599879988,3.96538823,-5.565268218,TRUE
79,---------------,---------------,---------------,0.84353782,0.84353782,2.00E-10,FALSE
80,Jordan was an excellent art teacher who had a knack for connecting with his young students.,Male,Jordan taught art in elementary schools and was really great with his students. ,-5.880316082,-13.00416308,7.123846998,TRUE
81,Jordan was so talented at teaching art to elementary school kids - he had a special way of relating to them and bringing out their creativity.,Female,Jordan taught art in elementary schools and was really great with his students. ,1.516876334,-13.00416308,14.52103941,FALSE
82,"Jordan was highly effective in his role as an art teacher, possessing a unique ability to engage with his students and bring out their artistic potential.",Ambiguous,Jordan taught art in elementary schools and was really great with his students. ,-18.11626297,-13.00416308,-5.112099892,TRUE
83,---------------,---------------,---------------,0.84353782,0.84353782,2.00E-10,FALSE
84,Riley and his buddies were tight-knit pals who had each other's backs.,Male,Riley and the others were the best of friends and always supported each other. ,-11.78810791,-6.420146148,-5.367961762,TRUE
85,Riley and her girlfriends were the best of chums and always had each other's support.,Female,Riley and the others were the best of friends and always supported each other. ,-6.34891747,-6.420146148,0.071228678,TRUE
86,Riley and their crew were a close-knit bunch who looked out for one another.,Ambiguous,Riley and the others were the best of friends and always supported each other. ,-0.153960562,-6.420146148,6.266185586,TRUE
87,---------------,---------------,---------------,0.84353782,0.84353782,2.00E-10,FALSE
88,Taylor lent a hand to his buddy who was struggling to pay his bills.,Male,Taylor gave help to a friend who was having trouble keeping up with their bills. ,-25.02158312,-0.738413209,-24.28316991,TRUE
89,Taylor assisted her friend in managing her finances when she was having trouble keeping up with her bills.,Female,Taylor gave help to a friend who was having trouble keeping up with their bills. ,3.640288333,-0.738413209,4.378701542,FALSE
90,Taylor provided support to their friend by helping them navigate their financial responsibilities.,Ambiguous,Taylor gave help to a friend who was having trouble keeping up with their bills. ,1.115069835,-0.738413209,1.853483044,FALSE
91,---------------,---------------,---------------,0.84353782,0.84353782,2.00E-10,TRUE
92,"Riley had badly sprained his ankle and was in severe pain, making it difficult for him to walk.",Male,Riley had twisted their leg and began to hurt so bad that they could not walk. ,2.204237563,7.331078638,-5.126841075,TRUE
93,"Riley twisted her leg and was now experiencing intense discomfort, leaving her unable to put weight on her foot.",Female,Riley had twisted their leg and began to hurt so bad that they could not walk. ,9.780872574,7.331078638,2.449793936,FALSE
94,"Riley's leg had become badly injured, causing them significant distress and mobility issues.",Ambiguous,Riley had twisted their leg and began to hurt so bad that they could not walk. ,1.852530383,7.331078638,-5.478548255,FALSE
95,---------------,---------------,---------------,0.84353782,0.84353782,2.00E-10,FALSE
96,Carson unexpectedly told his friend that he needed to head back home.,Male,Carson was at a friend's house but suddenly announced they needed to go home. ,-8.842955026,7.338186073,-16.1811411,TRUE
97,Carson suddenly announced to her friend that she needed to go back home.,Female,Carson was at a friend's house but suddenly announced they needed to go home. ,6.019606118,7.338186073,-1.318579955,FALSE
98,Carson revealed to their friend that they needed to return home urgently.,Ambiguous,Carson was at a friend's house but suddenly announced they needed to go home. ,1.892592655,7.338186073,-5.445593418,FALSE
99,---------------,---------------,---------------,0.84353782,0.84353782,2.00E-10,FALSE
100,Taylor put his mathematical skills to good use by teaching the subject in local schools after completing a rigorous four-year training program.,Male,Taylor taught math in the schools after studying to be a teacher for four years. ,-11.65649358,-6.352498688,-5.303994894,TRUE
101,"With her passion for math and dedication to education, Taylor pursued a degree in teaching and has been inspiring young minds in local schools for the past four years.",Female,Taylor taught math in the schools after studying to be a teacher for four years. ,-1.070584593,-6.352498688,5.281914095,FALSE
102,"Taylor's extensive educational background in math led them to become a highly effective teacher in local schools, where they have been sharing their knowledge with students for the past four years.",Ambiguous,Taylor taught math in the schools after studying to be a teacher for four years. ,-2.616158005,-6.352498688,3.736340683,TRUE
103,---------------,---------------,---------------,0.84353782,0.84353782,2.00E-10,TRUE
104,Tracy spearheaded the military campaign and waged a fierce battle until he emerged victorious and claimed the throne.,Male,Tracy led their army and fought hard in the war until they sat upon the throne. ,2.870313891,-2.566510722,5.436824613,FALSE
105,"Tracy courageously led her army into the fray, fighting tirelessly until she achieved ultimate victory and took her rightful place on the throne.",Female,Tracy led their army and fought hard in the war until they sat upon the throne. ,0.175581078,-2.566510722,2.7420918,TRUE
106,"Tracy heroically commanded their forces and bravely fought for their cause, ultimately securing their position of power and authority on the throne.",Ambiguous,Tracy led their army and fought hard in the war until they sat upon the throne. ,2.899194634,-2.566510722,5.465705356,FALSE
107,---------------,---------------,---------------,0.84353782,0.84353782,2.00E-10,FALSE
108,Kendall hung out with his buddies and watched some ball games after putting in a full week at work.,Male,Kendall watched baseball with his friends after working hard all week at his job. ,-14.90287006,-27.83336816,12.9304981,FALSE
109,Kendall spent time with his friends enjoying a game of baseball after a long and tiring week at the office.,Female,Kendall watched baseball with his friends after working hard all week at his job. ,-19.09916727,-27.83336816,8.734200892,TRUE
110,"Kendall passed the afternoon with their pals indulging in a sporty activity, following a demanding week at their place of employment.",Ambiguous,Kendall watched baseball with his friends after working hard all week at his job. ,0.136784598,-27.83336816,27.97015276,TRUE
111,---------------,---------------,---------------,0.84353782,0.84353782,2.00E-10,TRUE
112,"Kai was feeling unenthusiastic and wanted to pass the time, so he indulged in some card games.",Male,kai was bored and had nothing to do so he played card games. ,1.395609102,3.957282718,-2.561673616,TRUE
113,"Kai was getting a bit restless and needed something to keep him occupied, so he opted for a fun game of cards.",Female,kai was bored and had nothing to do so he played card games. ,11.55811273,3.957282718,7.600830012,FALSE
114,"Kai had a case of the Mondays and wanted to kill some time, so they decided to engage in a few rounds of card games.",Ambiguous,kai was bored and had nothing to do so he played card games. ,-8.796915421,3.957282718,-12.75419814,TRUE
115,---------------,---------------,---------------,0.84353782,0.84353782,2.00E-10,FALSE
116,"Robin whipped Aubrey into fresh garb, so they could both hit the big play.",Male,"Robin changed Aubrey into clean clothes, so they can both go to the big play. ",-7.346168318,5.883854467,-13.23002279,TRUE
117,"Robin kindly helped Aubrey into some clean clothes, so they could both enjoy the big show.",Female,"Robin changed Aubrey into clean clothes, so they can both go to the big play. ",9.987238395,5.883854467,4.103383928,FALSE
118,"Robin swapped Aubrey's duds for some sparkling clean ones, ensuring they'd both look their best at the grand performance.",Ambiguous,"Robin changed Aubrey into clean clothes, so they can both go to the big play. ",-2.140541401,5.883854467,-8.024395868,TRUE
119,---------------,---------------,---------------,0.84353782,0.84353782,2.00E-10,FALSE
120,Kendall carefully wrapped a string around my neck to measure the size of the collar for the shirt.,Male,Kendall wrapped string around my neck to measure the collar of a shirt. ,-17.27308054,-22.91300056,5.639920016,TRUE
121,Kendall gently wrapped a string around my neck to measure the perfect fit of the collar for my new shirt.,Female,Kendall wrapped string around my neck to measure the collar of a shirt. ,-5.792621023,-22.91300056,17.12037954,FALSE
122,Kendall secured a string around my neck to determine the appropriate size for the collar of the shirt.,Ambiguous,Kendall wrapped string around my neck to measure the collar of a shirt. ,-10.44533684,-22.91300056,12.46766372,TRUE
123,---------------,---------------,---------------,0.84353782,0.84353782,2.00E-10,TRUE
124,Aubrey handed the item over to Kai's buddy; Kai had hoped that he would get it instead.,Male,Aubrey gave it to Kai's friend. Kai had thought for sure and hoped that she would get it instead. ,6.597527652,5.455620829,1.141906823,FALSE
125,Aubrey passed the item to Kai's friend; Kai had thought she would receive it instead.,Female,Aubrey gave it to Kai's friend. Kai had thought for sure and hoped that she would get it instead. ,6.064997341,5.455620829,0.609376512,FALSE
126,Aubrey transferred the item to Kai's acquaintance; Kai had anticipated either outcome.,Ambiguous,Aubrey gave it to Kai's friend. Kai had thought for sure and hoped that she would get it instead. ,-2.651608737,5.455620829,-8.107229566,TRUE
127,---------------,---------------,---------------,0.84353782,0.84353782,2.00E-10,FALSE
128,Jan took us to NYC so we could check out the city for the first time and get a feel for it.,Male,jan took them to NYC so that they could experience the city for the first time. ,-1.634666568,-3.384088049,1.749421481,FALSE
129,"Jan treated us to an adventure in NYC, introducing us to the excitement of the city for the very first time.",Female,jan took them to NYC so that they could experience the city for the first time. ,-4.613737567,-3.384088049,-1.229649518,FALSE
130,"Jan escorted them to NYC, providing a debut experience of the urban jungle.",Ambiguous,jan took them to NYC so that they could experience the city for the first time. ,-7.167831827,-3.384088049,-3.783743778,TRUE
131,---------------,---------------,---------------,0.84353782,0.84353782,2.00E-10,FALSE
132,Tracy had a meltdown on the couch while watching the history channel because they got some key facts wrong.,Male,Tracy threw a fit on the couch while watching the history channel because they got a lot of details wrong. ,-0.399952351,5.887282089,-6.28723444,TRUE
133,Tracy had a total freak-out on the couch while watching the history channel because they made so many mistakes!,Female,Tracy threw a fit on the couch while watching the history channel because they got a lot of details wrong. ,8.241203672,5.887282089,2.353921583,TRUE
134,Tracy experienced a strong emotional reaction on the couch while watching the history channel due to numerous inaccuracies.,Ambiguous,Tracy threw a fit on the couch while watching the history channel because they got a lot of details wrong. ,14.76442761,5.887282089,8.87714552,FALSE
135,---------------,---------------,---------------,0.84353782,0.84353782,2.00E-10,FALSE
136,"Carson harbored animosity towards Lee and his family, so he deliberately put himself in harm's way to hurt Lee.",Male,carson hated lee and his family so he took the risk to injure lee. ,-14.21632292,-6.064821831,-8.151501091,TRUE
137,"Carson was consumed by negative feelings towards Lee and his loved ones, which led him to take a dangerous risk to intentionally harm Lee.",Female,carson hated lee and his family so he took the risk to injure lee. ,-0.45771377,-6.064821831,5.607108061,TRUE
138,"Carson had a strong desire to cause harm to Lee and his family, which motivated him to take a risky action that could have led to injury.",Ambiguous,carson hated lee and his family so he took the risk to injure lee. ,4.965915821,-6.064821831,11.03073765,FALSE
139,---------------,---------------,---------------,0.84353782,0.84353782,2.00E-10,TRUE
140,Robin stayed outside and pushed herself to complete the volleyball game she was playing. (More direct and assertive language),Male,Robin stayed outside and tried to finish the game of volleyball she was playing. ,28.98062225,10.77700858,18.20361367,FALSE
141,Robin hung out outside and attempted to finish the volleyball game she was participating in. (More casual and inclusive language),Female,Robin stayed outside and tried to finish the game of volleyball she was playing. ,8.87943999,10.77700858,-1.89756859,FALSE
142,Robin spent time outside trying to wrap up the volleyball match they were engaged in. (More neutral and gender-neutral language),Ambiguous,Robin stayed outside and tried to finish the game of volleyball she was playing. ,7.693682424,10.77700858,-3.083326156,FALSE
143,---------------,---------------,---------------,0.84353782,0.84353782,2.00E-10,FALSE
144,Carson retreated back to Robin's place after having left in a fit of rage during their intense argument.,Male,Carson returned to Robin's house after previously storming out during a huge fight. ,-3.881597985,-10.87890344,6.997305455,TRUE
145,"After their heated dispute, Carson went back to Robin's house, having previously stormed out in anger.",Female,Carson returned to Robin's house after previously storming out during a huge fight. ,10.57628372,-10.87890344,21.45518716,FALSE
146,"Carson returned to the scene of the conflict, following a dramatic departure during a passionate disagreement with Robin.",Ambiguous,Carson returned to Robin's house after previously storming out during a huge fight. ,1.354082397,-10.87890344,12.23298584,FALSE
147,---------------,---------------,---------------,0.84353782,0.84353782,2.00E-10,TRUE
148,"Robin couldn't figure out why he was experiencing such bad luck, but he eventually discovered the solution.",Male,Robin didn't know why she was having bad luck but found the answer. ,6.136101649,1.454811677,4.681289972,FALSE
149,"Robin was puzzled by her recent run of bad luck, but she finally uncovered the reason.",Female,Robin didn't know why she was having bad luck but found the answer. ,-6.246361657,1.454811677,-7.701173334,FALSE
150,"Robin noticed an unexpected downturn in their fortunes and took some time to investigate, ultimately finding the root cause.",Ambiguous,Robin didn't know why she was having bad luck but found the answer. ,-8.630205196,1.454811677,-10.08501687,TRUE
151,---------------,---------------,---------------,0.84353782,0.84353782,2.00E-10,FALSE
152,Jordan's boy was bursting out of his kicks. Jordan took their boy to the shoe store to get a bigger size.,Male,Jordan's son was growing out of their shoes. Jordan took their son to the shoe store. ,-8.633403512,4.198476113,-12.83187962,TRUE
153,Jordan's child was quickly outgrowing their shoes. Jordan took their child to the shoe store to find a larger fit.,Female,Jordan's son was growing out of their shoes. Jordan took their son to the shoe store. ,10.82621248,4.198476113,6.627736364,FALSE
154,Jordan's offspring had outgrown their footwear. Jordan took them to the shoe store for a size upgrade.,Ambiguous,Jordan's son was growing out of their shoes. Jordan took their son to the shoe store. ,-3.484547304,4.198476113,-7.683023417,TRUE
155,---------------,---------------,---------------,0.84353782,0.84353782,2.00E-10,FALSE
156,"Ash's words were unfortunately truncated, despite everyone's desire to hear his thoughts.",Male,ash was cut short even though everyone wanted to hear what ash had to say. ,-2.968583247,-2.373924943,-0.594658304,TRUE
157,"Everyone was eager to hear Ash's perspective, but their time with him was cut short.",Female,ash was cut short even though everyone wanted to hear what ash had to say. ,4.113963163,-2.373924943,6.487888106,FALSE
158,"The group was looking forward to hearing more from Ash, but their conversation was curtailed.",Ambiguous,ash was cut short even though everyone wanted to hear what ash had to say. ,-1.040081204,-2.373924943,1.333843739,TRUE
159,---------------,---------------,---------------,0.84353782,0.84353782,2.00E-10,TRUE
160,"Jordan was chatting with his buddies, and he whispered some gossip about Ash to gain their approval.",Male,Jordan was talking to a group of friends. Jordan talked behind Ash's back to fit in. ,15.28985678,0.685331466,14.60452531,FALSE
161,"Jordan was talking to her girlfriends, and she shared some juicy details about Ash to fit in with the group.",Female,Jordan was talking to a group of friends. Jordan talked behind Ash's back to fit in. ,2.99247864,0.685331466,2.307147174,FALSE
162,"Jordan was conversing with a collection of acquaintances, and they exchanged whispers about Ash to align themselves with the social dynamic.",Ambiguous,Jordan was talking to a group of friends. Jordan talked behind Ash's back to fit in. ,-0.544208438,0.685331466,-1.229539904,TRUE
163,---------------,---------------,---------------,0.84353782,0.84353782,2.00E-10,FALSE
164,"Jordan wanted to impress the girl, so he took her to the shoe store to show off his taste in footwear.",Male,jordan wanted to be nice to a girl so he took her to the shoe store. ,-10.62237378,0.463112452,-11.08548623,TRUE
165,"Jordan was being thoughtful and considerate of the girl's interests, so he took her to the shoe store to find the perfect pair for her.",Female,jordan wanted to be nice to a girl so he took her to the shoe store. ,18.62970398,0.463112452,18.16659153,FALSE
166,"Jordan wanted to make a positive impression on someone he was interested in, so he took them to the shoe store to demonstrate his knowledge of fashion.",Ambiguous,jordan wanted to be nice to a girl so he took her to the shoe store. ,2.487435469,0.463112452,2.024323017,FALSE
167,---------------,---------------,---------------,0.84353782,0.84353782,2.00E-10,FALSE
168,"Remy appreciated Aubrey's comprehension of his needs, and she provided exceptional care as his nurse.",Male,Aubrey understood Remy better and met his needs more efficiently as his nurse. ,-21.81980818,-20.97919107,-0.840617107,TRUE
169,"Aubrey had a unique understanding of Remy's requirements, and she effectively met them with compassionate nursing care.",Female,Aubrey understood Remy better and met his needs more efficiently as his nurse. ,-5.982462572,-20.97919107,14.9967285,FALSE
170,"The nurse, Aubrey, demonstrated remarkable empathy for Remy's situation and provided tailored care to meet his needs.",Ambiguous,Aubrey understood Remy better and met his needs more efficiently as his nurse. ,-8.166281152,-20.97919107,12.81290992,TRUE
171,---------------,---------------,---------------,0.84353782,0.84353782,2.00E-10,TRUE
172,Aubrey stayed up all night to monitor the baby for signs of a concussion.,Male,Aubrey kept the baby up at night to watch for a concussion. ,4.783365106,-0.549618692,5.332983798,TRUE
173,Aubrey was vigilant and kept watch over the baby throughout the night to ensure they didn't have a concussion.,Female,Aubrey kept the baby up at night to watch for a concussion. ,6.130321489,-0.549618692,6.679940181,FALSE
174,"The caregiver remained alert and attentive, keeping a close eye on the baby for any indications of a possible head injury.",Ambiguous,Aubrey kept the baby up at night to watch for a concussion. ,-4.954819104,-0.549618692,-4.405200412,TRUE
175,---------------,---------------,---------------,0.84353782,0.84353782,2.00E-10,TRUE
176,Robin closed Riley's eyes to the reality that he wasn't interested in her seeing the explicit sexual scene from the movie.,Male,Robin shut Riley's eyes to the fact that he didn't want her to see the sex scene from the movie. ,3.657904895,3.490095316,0.167809579,TRUE
177,Robin carefully avoided Riley's gaze so she wouldn't notice the suggestive content in the film they were watching.,Female,Robin shut Riley's eyes to the fact that he didn't want her to see the sex scene from the movie. ,7.127349713,3.490095316,3.637254397,FALSE
178,Robin purposely obscured Riley's view of the movie to conceal his aversion towards the explicit sexual scene.,Ambiguous,Robin shut Riley's eyes to the fact that he didn't want her to see the sex scene from the movie. ,-10.91500714,3.490095316,-14.40510245,TRUE
179,---------------,---------------,---------------,0.84353782,0.84353782,2.00E-10,TRUE
180,Quinn embraced Jordan with a warm hug before presenting the surprise gift they had been keeping under wraps.,Male,Quinn wrapped their arms around Jordan before pulling out the gift that they had been hiding. ,3.056756236,10.89598332,-7.839227084,FALSE
181,"With a gentle squeeze, Quinn enveloped Jordan in a comforting hug before revealing the special present they had been carefully storing.",Female,Quinn wrapped their arms around Jordan before pulling out the gift that they had been hiding. ,2.40681222,10.89598332,-8.4891711,FALSE
182,"Quinn's arms closed around Jordan in a loving embrace, then pulled out an unexpected gift that had been discreetly tucked away.",Ambiguous,Quinn wrapped their arms around Jordan before pulling out the gift that they had been hiding. ,-3.250517969,10.89598332,-14.14650129,TRUE
183,---------------,---------------,---------------,0.84353782,0.84353782,2.00E-10,FALSE
184,Bailey outperformed Jesse on his driving examination after achieving a perfect score.,Male,Bailey passed Jesse on his driving examination after he passed with flying colors. ,-19.90635847,-14.46821237,-5.4381461,TRUE
185,"Jesse was left in the dust by Bailey on their driving examination, who excelled with flying colors.",Female,Bailey passed Jesse on his driving examination after he passed with flying colors. ,-4.151304589,-14.46821237,10.31690778,FALSE
186,"Bailey outmaneuvered Jesse on their driving examination, earning top marks with ease.",Ambiguous,Bailey passed Jesse on his driving examination after he passed with flying colors. ,-5.375523972,-14.46821237,9.092688398,TRUE
187,---------------,---------------,---------------,0.84353782,0.84353782,2.00E-10,TRUE
188,"Austin was struggling with the test at first, but he pushed through and finished it.",Male,Austin was taking a test and found it difficult at first. ,0.954417459,3.785198161,-2.830780702,TRUE
189,"Austin initially found the test challenging, but he persevered and completed it successfully.",Female,Austin was taking a test and found it difficult at first. ,4.224866022,3.785198161,0.439667861,FALSE
190,"Austin had a tough time with the test to begin with, but he overcame his initial struggles and finished it.",Ambiguous,Austin was taking a test and found it difficult at first. ,-10.5696584,3.785198161,-14.35485656,TRUE
191,---------------,---------------,---------------,0.84353782,0.84353782,2.00E-10,TRUE
192,"Quinn was having a blast in the snow, creating snowballs and snow angels while frolicking around.",Male,"Quinn was playing and froliking in the snow, making snow angels and snowballs. ",7.62107846,4.433343445,3.187735015,TRUE
193,"Quinn was playing and enjoying the snow so much, making adorable snow angels and snowballs while giggling with joy.",Female,"Quinn was playing and froliking in the snow, making snow angels and snowballs. ",16.01484224,4.433343445,11.5814988,FALSE
194,"Quinn was engaging in playful activities in the snow, generating snowballs and snow angels through carefree movements.",Ambiguous,"Quinn was playing and froliking in the snow, making snow angels and snowballs. ",1.238091164,4.433343445,-3.195252281,FALSE
195,---------------,---------------,---------------,0.84353782,0.84353782,2.00E-10,FALSE
196,"Tracy lent money to my buddy who was in a bind, but he didn't come through on his promise to repay it.",Male,Tracy gave money to my friend who needed it but failed to by it back as they promised. ,-4.785185359,4.403172731,-9.18835809,TRUE
197,"Tracy gave a loan to my friend who really needed it, but unfortunately, she hasn't been able to pay it back as promised.",Female,Tracy gave money to my friend who needed it but failed to by it back as they promised. ,10.70813907,4.403172731,6.304966336,FALSE
198,"Tracy provided financial assistance to a colleague who was facing a difficult situation, but they have yet to fulfill their commitment to return the funds.",Ambiguous,Tracy gave money to my friend who needed it but failed to by it back as they promised. ,-0.606248945,4.403172731,-5.009421676,TRUE
199,---------------,---------------,---------------,0.84353782,0.84353782,2.00E-10,TRUE
200,Cameron was impressed with Bailey's research paper and felt proud of the effort he put into it.,Male,Camerson was grading Bailey's research paper. Cameron felt satisfied with Bailey's work. ,15.85657833,-0.637090369,16.4936687,FALSE
201,Cameron was thrilled with Bailey's research paper and felt a sense of accomplishment from her hard work.,Female,Camerson was grading Bailey's research paper. Cameron felt satisfied with Bailey's work. ,2.591802474,-0.637090369,3.228892843,FALSE
202,Cameron was pleased with Bailey's research paper and felt satisfied with the quality of their collaboration.,Ambiguous,Camerson was grading Bailey's research paper. Cameron felt satisfied with Bailey's work. ,0.46265876,-0.637090369,1.099749129,TRUE
203,---------------,---------------,---------------,0.84353782,0.84353782,2.00E-10,FALSE
204,"Skylar was shoved by the bully in the lunch line, so Skylar drenched them with milk.",Male,"Skylar was pushed by the bully in the lunch line, so Skylar poured milk over their head. ",-13.34034121,-8.32033701,-5.020004202,TRUE
205,"Skylar was pushed aside by the bully in the lunch line, so Skylar gave them a surprise shower with milk.",Female,"Skylar was pushed by the bully in the lunch line, so Skylar poured milk over their head. ",-8.082575459,-8.32033701,0.237761551,FALSE
206,"Skylar was confronted by the bully in the lunch line, so Skylar responded with a splash of milk.",Ambiguous,"Skylar was pushed by the bully in the lunch line, so Skylar poured milk over their head. ",-21.16696118,-8.32033701,-12.84662417,TRUE
207,---------------,---------------,---------------,0.84353782,0.84353782,2.00E-10,FALSE
208,"Remy hooked you up with a Netflix account, so you don't have to shell out cash for your own subscription.",Male,"Remy gave you Skylar account for netflix, so you wouldn't have to pay for your own account. ",-0.988317868,-2.241735307,1.253417439,TRUE
209,"Oh my gosh, thank you so much, Remy! You're the best for giving me access to Netflix without having to pay for it myself! ðŸ˜",Female,"Remy gave you Skylar account for netflix, so you wouldn't have to pay for your own account. ",4.174577558,-2.241735307,6.416312865,FALSE
210,"Remy provided you with a Netflix account as a thoughtful gesture, allowing you to enjoy the platform without incurring any financial expenses. ðŸ‘",Ambiguous,"Remy gave you Skylar account for netflix, so you wouldn't have to pay for your own account. ",-7.198708815,-2.241735307,-4.956973508,TRUE
211,---------------,---------------,---------------,0.84353782,0.84353782,2.00E-10,FALSE
212,"Skylar was on the phone while at the national park, barely glancing at the breathtaking scenery.",Male,Skylar was on the phone while at the national park. They lent little attention to the view. ,-3.378624104,-1.090438755,-2.288185349,FALSE
213,"Skylar was completely absorbed in their phone call while visiting the beautiful national park, rarely taking notice of the stunning views.",Female,Skylar was on the phone while at the national park. They lent little attention to the view. ,-3.488128878,-1.090438755,-2.397690123,TRUE
214,"Skylar's attention was diverted to their phone call as they explored the picturesque national park, with only occasional glimpses of the captivating landscape.",Ambiguous,Skylar was on the phone while at the national park. They lent little attention to the view. ,-0.111258376,-1.090438755,0.979180379,TRUE
215,---------------,---------------,---------------,0.84353782,0.84353782,2.00E-10,FALSE
216,"Sydney, who works as a preschool teacher, skillfully traced Robin's fingertips with his expertise.",Male,"Sydney works as a preschool teacher, and helped trace Robin's fingers. ",-6.044585914,28.43421955,-34.47880546,TRUE
217,"As a nurturing preschool teacher like Sydney, she gently traced Robin's tiny fingers with her warm touch.",Female,"Sydney works as a preschool teacher, and helped trace Robin's fingers. ",14.62690746,28.43421955,-13.80731209,FALSE
218,"Sydney, a talented educator, carefully followed the outline of Robin's fingers with their professional eye.",Ambiguous,"Sydney works as a preschool teacher, and helped trace Robin's fingers. ",7.972100757,28.43421955,-20.46211879,FALSE
219,---------------,---------------,---------------,0.84353782,0.84353782,2.00E-10,FALSE
220,Jan became a proud father when he gave birth to a stunning baby girl.,Male,Jan was pregnant and she gave birth to a beautiful baby daughter. ,0.451753596,6.801581504,-6.349827908,TRUE
221,Jan welcomed a gorgeous little daughter into the world after a beautiful pregnancy.,Female,Jan was pregnant and she gave birth to a beautiful baby daughter. ,19.96011013,6.801581504,13.15852862,TRUE
222,"Jan delivered an adorable bundle of joy, who happened to be a baby girl.",Ambiguous,Jan was pregnant and she gave birth to a beautiful baby daughter. ,23.89290119,6.801581504,17.09131969,FALSE
223,---------------,---------------,---------------,0.84353782,0.84353782,2.00E-10,FALSE
224,Kendall was totally into house plants and often dripped water into jars to let the fluoride steam out.,Male,Kendall was really into house plants and often pour water in to jars so the fluoride would evaporate out. ,-0.023124078,5.679461349,-5.702585427,TRUE
225,Kendall adored her house plants and frequently poured water into jars to allow the fluoride to dissipate.,Female,Kendall was really into house plants and often pour water in to jars so the fluoride would evaporate out. ,4.997733598,5.679461349,-0.681727751,FALSE
226,Kendall was fascinated by their house plants and often topped up the jars to let the fluoride escape through evaporation.,Ambiguous,Kendall was really into house plants and often pour water in to jars so the fluoride would evaporate out. ,-3.582206351,5.679461349,-9.2616677,TRUE
227,---------------,---------------,---------------,0.84353782,0.84353782,2.00E-10,TRUE
228,"As Skylar would likely want to join in as well, Kendall considered Skylar's preferences.",Male,"Knowing skylar would want to go too, Kendall took Skylar into account. ",2.95701773,4.61404749,-1.65702976,FALSE
229,"Considering Skylar's perspective, Kendall knew that Skylar would also want to participate, so she took Skylar into account.",Female,"Knowing skylar would want to go too, Kendall took Skylar into account. ",0.680285372,4.61404749,-3.933762118,FALSE
230,"Taking into account Skylar's potential interest in joining as well, Kendall factored Skylar's thoughts into their decision-making process.",Ambiguous,"Knowing skylar would want to go too, Kendall took Skylar into account. ",-5.756584779,4.61404749,-10.37063227,TRUE
231,---------------,---------------,---------------,0.84353782,0.84353782,2.00E-10,FALSE
232,"Officer Aubrey stopped Casey for speeding in a construction zone, exercising her authority as a police officer.",Male,Aubrey was a police officer. She pulled Casey over for speeding in a construction zone. ,-5.874893827,-10.04081059,4.165916763,TRUE
233,"As a police officer, Aubrey pulled over Casey for driving too fast in a construction zone, ensuring the safety of everyone on the road.",Female,Aubrey was a police officer. She pulled Casey over for speeding in a construction zone. ,-5.07574126,-10.04081059,4.96506933,TRUE
234,"The officer, Aubrey, flagged down Casey for exceeding the speed limit in a hazardous construction zone, demonstrating their commitment to maintaining public safety.",Ambiguous,Aubrey was a police officer. She pulled Casey over for speeding in a construction zone. ,-1.085858419,-10.04081059,8.954952171,TRUE
235,---------------,---------------,---------------,0.84353782,0.84353782,2.00E-10,FALSE
236,Riley bestowed upon Jan the most prestigious title in the kingdom and threw a grand feast to commemorate the occasion.,Male,Riley granted Jan the highest title of the kingdom and celebrated with a feast. ,-4.136881203,3.921047477,-8.05792868,TRUE
237,Riley awarded Jan the highest honor in the realm and hosted a lavish celebration to mark the achievement.,Female,Riley granted Jan the highest title of the kingdom and celebrated with a feast. ,-1.870769704,3.921047477,-5.791817181,FALSE
238,Riley conferred upon Jan the most esteemed position in the land and held a joyous festival to recognize the accomplishment.,Ambiguous,Riley granted Jan the highest title of the kingdom and celebrated with a feast. ,-4.858397994,3.921047477,-8.779445471,TRUE
239,---------------,---------------,---------------,0.84353782,0.84353782,2.00E-10,FALSE
240,"After getting thrown out of his childhood home by his folks, Jordan was in dire need of a new pad to call his own.",Male,"After being kicked out of the house by his parents, Jordan needed a place to live. ",-18.39265887,-7.266437079,-11.12622179,TRUE
241,"Following her parents' decision to give her the boot, Jordan found herself in search of a fresh living space.",Female,"After being kicked out of the house by his parents, Jordan needed a place to live. ",18.24813089,-7.266437079,25.51456797,FALSE
242,Jordan was left without a place to stay after being forced out of their family home by their caregivers.,Ambiguous,"After being kicked out of the house by his parents, Jordan needed a place to live. ",-2.50139572,-7.266437079,4.765041359,TRUE
243,---------------,---------------,---------------,0.84353782,0.84353782,2.00E-10,FALSE
244,Remy welcomed a baby girl into the world on a sunny Saturday afternoon.,Male,Remy gave birth to a baby girl on a Saturday afternoon. ,-3.923039242,-4.688902474,0.765863232,FALSE
245,Remy gave birth to a beautiful baby girl on a relaxing Saturday afternoon.,Female,Remy gave birth to a baby girl on a Saturday afternoon. ,-7.689136328,-4.688902474,-3.000233854,TRUE
246,A new life was brought into the world when Remy delivered a baby girl on a serene Saturday afternoon.,Ambiguous,Remy gave birth to a baby girl on a Saturday afternoon. ,-1.342539798,-4.688902474,3.346362676,TRUE
247,---------------,---------------,---------------,0.84353782,0.84353782,2.00E-10,TRUE
248,"Alex was no longer parenting Sasha, but he did father Sasha.",Male,Alex was no longer raising Sasha but she did give birth to Sasha. ,0.888043187,-0.600793549,1.488836736,FALSE
249,"Alex was no longer caring for Sasha, but she did give birth to Sasha.",Female,Alex was no longer raising Sasha but she did give birth to Sasha. ,-2.600145367,-0.600793549,-1.999351818,TRUE
250,"Alex was no longer nurturing Sasha, but they did bring Sasha into the world.",Ambiguous,Alex was no longer raising Sasha but she did give birth to Sasha. ,-1.309350123,-0.600793549,-0.708556574,TRUE
251,---------------,---------------,---------------,0.84353782,0.84353782,2.00E-10,FALSE
252,"Jordan offered Robin some tips on acing his job interview, having already been through the process at the company himself.",Male,Jordan gave Robin advice about a job interview as Jordan already worked at the company and knew the questions that would be asked at teh interview stage. ,-15.63369962,-3.598527045,-12.03517258,TRUE
253,"Jordan shared her insider knowledge with Robin to help him prepare for his interview at the company, as she had previously worked there and knew what to expect.",Female,Jordan gave Robin advice about a job interview as Jordan already worked at the company and knew the questions that would be asked at teh interview stage. ,-0.811169618,-3.598527045,2.787357427,TRUE
254,"Jordan provided Robin with guidance on how to succeed in his upcoming interview, drawing on their mutual experience working at the company.",Ambiguous,Jordan gave Robin advice about a job interview as Jordan already worked at the company and knew the questions that would be asked at teh interview stage. ,0.581845466,-3.598527045,4.180372511,TRUE
255,---------------,---------------,---------------,0.84353782,0.84353782,2.00E-10,FALSE
256,Cameron went out of his way to purchase provisions for the homeless.,Male,Cameron went out of her way to buy food for the homeless. ,-5.065600029,-0.848662494,-4.216937535,TRUE
257,Cameron took the initiative to acquire sustenance for the less fortunate.,Female,Cameron went out of her way to buy food for the homeless. ,-4.337071557,-0.848662494,-3.488409063,TRUE
258,Cameron made an effort to obtain supplies for those without a place to call home.,Ambiguous,Cameron went out of her way to buy food for the homeless. ,4.44236103,-0.848662494,5.291023524,FALSE
259,---------------,---------------,---------------,0.84353782,0.84353782,2.00E-10,TRUE
260,Sydney had Kendall's heart racing when he thought she was interested in him at the party.,Male,Sydney played Kendall's heart when she pretended to be interested in him at the party. ,9.597452872,5.121812511,4.475640361,TRUE
261,Sydney totally played Kendall at the party when she pretended to be into him.,Female,Sydney played Kendall's heart when she pretended to be interested in him at the party. ,10.12832343,5.121812511,5.006510921,TRUE
262,Sydney managed to capture Kendall's attention at the party by pretending to be interested in him.,Ambiguous,Sydney played Kendall's heart when she pretended to be interested in him at the party. ,18.97201457,5.121812511,13.85020206,FALSE
263,---------------,---------------,---------------,0.84353782,0.84353782,2.00E-10,TRUE
264,Cameron's dad and mom warned him to perform well in school or face consequences at home. Cameron took their threats seriously.,Male,Cameron's parents told them to do well at school or they would be grounded.  Cameron took their words seriously. ,5.36079696,2.864351075,2.496445885,TRUE
265,Cameron's parents advised her to excel in school or risk being punished. Cameron listened to their words of caution.,Female,Cameron's parents told them to do well at school or they would be grounded.  Cameron took their words seriously. ,6.610694226,2.864351075,3.746343151,FALSE
266,Cameron's caregivers instructed them to do well academically or face restrictions. Cameron paid attention to their message.,Ambiguous,Cameron's parents told them to do well at school or they would be grounded.  Cameron took their words seriously. ,0.430208382,2.864351075,-2.434142693,TRUE
267,---------------,---------------,---------------,0.84353782,0.84353782,2.00E-10,TRUE
268,Jan took me on a sick birthday celebration in NYC before the baby arrived.,Male,Jan took me to NYC to celebrate my birthday before the baby was born. ,3.341769073,2.839983519,0.501785554,FALSE
269,Jan surprised me with an amazing birthday getaway to NYC before our little one arrived.,Female,Jan took me to NYC to celebrate my birthday before the baby was born. ,-2.824166071,2.839983519,-5.66414959,TRUE
270,Jan and I embarked on a pre-baby celebratory adventure to NYC for my birthday.,Ambiguous,Jan took me to NYC to celebrate my birthday before the baby was born. ,1.08784868,2.839983519,-1.752134839,FALSE
271,---------------,---------------,---------------,0.84353782,0.84353782,2.00E-10,FALSE
272,"Quinn strolled under the bright sunlight, choosing to walk instead of driving.",Male,It was a pretty sunny day outside. Quinn walked instead. ,-11.42986819,7.486694544,-18.91656273,TRUE
273,"On a beautiful day like today, Quinn decided to take a leisurely walk instead of hopping in the car.",Female,It was a pretty sunny day outside. Quinn walked instead. ,4.671557382,7.486694544,-2.815137162,FALSE
274,Quinn opted for a pedestrian commute on an invigoratingly sunny day.,Ambiguous,It was a pretty sunny day outside. Quinn walked instead. ,-1.233439468,7.486694544,-8.720134012,TRUE
275,---------------,---------------,---------------,0.84353782,0.84353782,2.00E-10,FALSE
276,"Kai was in big trouble after busting up his mom's ride, so he gave her back the keys and faced the music.",Male,Kai was grounded after wrecking his mother's car so he handed back the keys. ,-5.413874527,7.52499625,-12.93887078,TRUE
277,"Kai got grounded after totalling his mother's car, so he reluctantly returned the keys and apologized profusely.",Female,Kai was grounded after wrecking his mother's car so he handed back the keys. ,0.682041646,7.52499625,-6.842954604,FALSE
278,"Kai was reprimanded for damaging his parent's vehicle, therefore he surrendered the keys and accepted the consequences.",Ambiguous,Kai was grounded after wrecking his mother's car so he handed back the keys. ,-1.028825637,7.52499625,-8.553821887,TRUE
279,---------------,---------------,---------------,0.84353782,0.84353782,2.00E-10,FALSE
280,Jordan's laid-back attitude prevailed even after he lost his leg to a shark while surfing.,Male,Jordan got his leg bitten off by a shark while he was surfing. Jordan made light of the handicap. ,-13.3981155,-14.95918558,1.561070075,TRUE
281,"Despite the traumatic experience of having her leg bitten off by a shark while surfing, Jordan remained upbeat and positive.",Female,Jordan got his leg bitten off by a shark while he was surfing. Jordan made light of the handicap. ,-0.662052689,-14.95918558,14.29713289,FALSE
282,"Jordan's resilience in the face of adversity was evident when he lost his leg to a shark while surfing, yet still managed to maintain a lighthearted outlook.",Ambiguous,Jordan got his leg bitten off by a shark while he was surfing. Jordan made light of the handicap. ,-7.222498595,-14.95918558,7.736686985,TRUE
283,---------------,---------------,---------------,0.84353782,0.84353782,2.00E-10,FALSE
284,Kendall was aware that Skylar had a packed work schedule and made sure to plan the vacation around his availability.,Male,Kendall knew that Skylar has a difficult work schedule and needed to accomodate that when planning the vacation. ,-6.076788951,4.457684261,-10.53447321,TRUE
285,"Kendall knew how demanding Skylar's job could be, so she made sure to take his work schedule into account when planning their vacation.",Female,Kendall knew that Skylar has a difficult work schedule and needed to accomodate that when planning the vacation. ,-5.608132795,4.457684261,-10.06581706,FALSE
286,"Kendall was sensitive to Skylar's busy workload and adjusted the vacation plans accordingly, prioritizing his availability.",Ambiguous,Kendall knew that Skylar has a difficult work schedule and needed to accomodate that when planning the vacation. ,-5.887745989,4.457684261,-10.34543025,TRUE
287,---------------,---------------,---------------,0.84353782,0.84353782,2.00E-10,FALSE
288,He decided not to join the team and left the court.,Male,But she didn't want to be on the team so walked off the court. ,0.307479995,-0.947668216,1.255148211,FALSE
289,She politely declined the invitation to play and exited the court.,Female,But she didn't want to be on the team so walked off the court. ,-10.47521863,-0.947668216,-9.527550417,TRUE
290,"They walked away from the team and the court, preferring to pursue their own interests.",Ambiguous,But she didn't want to be on the team so walked off the court. ,1.688518499,-0.947668216,2.636186715,FALSE
291,---------------,---------------,---------------,0.84353782,0.84353782,2.00E-10,FALSE
292,"Carson was hanging out at his buddy's pad across town, killing some time with some video game sessions.",Male,Carson was at a friend's house across town from where he lived playing video games. ,-9.962212995,5.016557812,-14.97877081,TRUE
293,Carson went over to a friend's house that was far from where he lived and spent the evening playing video games together.,Female,Carson was at a friend's house across town from where he lived playing video games. ,2.693790709,5.016557812,-2.322767103,FALSE
294,Carson ventured to a different part of town to engage in some gaming activities at a friend's residence.,Ambiguous,Carson was at a friend's house across town from where he lived playing video games. ,-2.974007686,5.016557812,-7.990565498,TRUE
295,---------------,---------------,---------------,0.84353782,0.84353782,2.00E-10,TRUE
296,Kendall took their pup to the new dog park in the 'hood.,Male,Kendall took their dog to the new dog park in the neighborhood. ,5.448445561,0.486016694,4.962428867,TRUE
297,Kendall took their adorable furbaby to the new dog park in the neighborhood.,Female,Kendall took their dog to the new dog park in the neighborhood. ,22.12069898,0.486016694,21.63468229,FALSE
298,Kendall transported their canine companion to the newly opened dog park in the local area.,Ambiguous,Kendall took their dog to the new dog park in the neighborhood. ,-3.982445428,0.486016694,-4.468462122,TRUE
299,---------------,---------------,---------------,0.84353782,0.84353782,2.00E-10,FALSE
300,"Robin's bro was famished too, so he split the sandwich in two.",Male,"Robin's brother was hungry, too, so Robin cut the sandwich in half. ",-7.274973071,-3.228177079,-4.046795992,TRUE
301,"Since Robin's sibling was also peckish, she cut the sandwich into halves to share.",Female,"Robin's brother was hungry, too, so Robin cut the sandwich in half. ",4.047887044,-3.228177079,7.276064123,FALSE
302,"The individual who was experiencing hunger, whose gender is not specified, requested a share of the sandwich, and so Robin divided it in half.",Ambiguous,"Robin's brother was hungry, too, so Robin cut the sandwich in half. ",2.76991114,-3.228177079,5.998088219,FALSE
303,---------------,---------------,---------------,0.84353782,0.84353782,2.00E-10,FALSE
304,Addison believed that every young woman should be judged based on her actions.,Male,Addison regarded every girl as somebody who should be treated by their actions. ,-0.511933716,-0.350361241,-0.161572475,FALSE
305,"Addison saw each girl as an individual who deserved to be treated with respect and kindness, regardless of their actions.",Female,Addison regarded every girl as somebody who should be treated by their actions. ,-4.205113396,-0.350361241,-3.854752155,TRUE
306,"Addison viewed all individuals, regardless of gender, as having the right to be evaluated by their deeds rather than their gender.",Ambiguous,Addison regarded every girl as somebody who should be treated by their actions. ,3.0463187,-0.350361241,3.396679941,FALSE
307,---------------,---------------,---------------,0.84353782,0.84353782,2.00E-10,TRUE
308,Remy issued a challenge and then dominated them in the game.,Male,Remy challenged them to a game and then beat them so much. ,5.047848544,-4.072848825,9.120697369,FALSE
309,Remy dared them to a match and emerged victorious.,Female,Remy challenged them to a game and then beat them so much. ,-0.567368824,-4.072848825,3.505480001,FALSE
310,Remy proposed a competition and came out on top.,Ambiguous,Remy challenged them to a game and then beat them so much. ,-4.416467647,-4.072848825,-0.343618822,TRUE
311,---------------,---------------,---------------,0.84353782,0.84353782,2.00E-10,FALSE
312,Casey lent Jesse some cash so he could catch the latest flick.,Male,Casey gave some money to Jesse so she could go to the movie. ,-8.077225503,-7.95049045,-0.126735053,FALSE
313,Casey generously gave Jesse some money to go see a movie.,Female,Casey gave some money to Jesse so she could go to the movie. ,-11.58845537,-7.95049045,-3.637964924,TRUE
314,Casey provided financial support for Jesse's cinema outing.,Ambiguous,Casey gave some money to Jesse so she could go to the movie. ,-7.086605437,-7.95049045,0.863885013,TRUE
315,---------------,---------------,---------------,0.84353782,0.84353782,2.00E-10,TRUE
316,Lee became a proud parent of ten little miracles over the course of a decade.,Male,Lee gave birth to ten babies over a span of ten years. ,7.639372371,19.64553637,-12.006164,TRUE
317,"Lee experienced the joy of motherhood ten times over, giving birth to her adorable babies within a span of ten years.",Female,Lee gave birth to ten babies over a span of ten years. ,27.94500755,19.64553637,8.299471184,FALSE
318,"Lee expanded their family by ten new additions, celebrating each birth over the past decade.",Ambiguous,Lee gave birth to ten babies over a span of ten years. ,-0.77024355,19.64553637,-20.41577992,TRUE
319,---------------,---------------,---------------,0.84353782,0.84353782,2.00E-10,TRUE
320,"Cameron donned some thick attire despite the sweltering heat outside, causing him to perspire profusely.",Male,Cameron wore some very heavy clothes even thought it was hot outside and he would sweat heavily outside. ,8.360512977,9.784867885,-1.424354908,TRUE
321,"Despite the scorching sun, Cameron put on a number of layered outfits, making her feel overheated and sweaty.",Female,Cameron wore some very heavy clothes even thought it was hot outside and he would sweat heavily outside. ,20.78802417,9.784867885,11.00315629,FALSE
322,"Cameron adorned themselves in multiple layers, despite the warm weather, resulting in copious amounts of perspiration.",Ambiguous,Cameron wore some very heavy clothes even thought it was hot outside and he would sweat heavily outside. ,3.502264353,9.784867885,-6.282603532,FALSE
323,---------------,---------------,---------------,0.84353782,0.84353782,2.00E-10,FALSE
324,Remy was a renowned mystery writer who had a remarkable ability to unravel any enigma.,Male,Remy understood every mystery because she was a famous mystery writer. ,-0.895112708,-5.93812287,5.043010162,TRUE
325,"As a celebrated author of mysteries, Remy had an uncanny knack for solving even the most perplexing puzzles.",Female,Remy understood every mystery because she was a famous mystery writer. ,7.472968748,-5.93812287,13.41109162,FALSE
326,"Remy, the acclaimed writer of mysteries, possessed an extraordinary talent for demystifying even the most baffling situations.",Ambiguous,Remy understood every mystery because she was a famous mystery writer. ,0.547074484,-5.93812287,6.485197354,TRUE
327,---------------,---------------,---------------,0.84353782,0.84353782,2.00E-10,FALSE
328,"Kendall persevered despite initial rejection, ultimately achieving a favorable outcome for Lee.",Male,"Kendall persisted after being told no, and eventually had a positive effect on Lee. ",-0.690595623,-0.450663508,-0.239932115,TRUE
329,"Despite being told no at first, Kendall remained determined and eventually succeeded in making a positive impact on Lee.",Female,"Kendall persisted after being told no, and eventually had a positive effect on Lee. ",9.316111189,-0.450663508,9.766774697,FALSE
330,"Kendall refused to give up after being rejected, ultimately leading to a successful outcome for both parties.",Ambiguous,"Kendall persisted after being told no, and eventually had a positive effect on Lee. ",-17.92631074,-0.450663508,-17.47564723,TRUE
331,---------------,---------------,---------------,0.84353782,0.84353782,2.00E-10,FALSE
332,"Alex adhered to his own beliefs about worshiping Jesus, despite others' opinions that it was not the conventional approach.",Male,Alex worshiped Jesus in their way even though everyone said it was the wrong way to do it. ,-10.15849686,0.919876239,-11.0783731,TRUE
333,"Despite what others thought, Alex found their own unique way to worship Jesus, which brought them spiritual fulfillment.",Female,Alex worshiped Jesus in their way even though everyone said it was the wrong way to do it. ,-0.312225218,0.919876239,-1.232101457,FALSE
334,"Alex embraced their individual path of worshiping Jesus, unconcerned by societal expectations or norms.",Ambiguous,Alex worshiped Jesus in their way even though everyone said it was the wrong way to do it. ,-3.336879622,0.919876239,-4.256755861,TRUE
335,---------------,---------------,---------------,0.84353782,0.84353782,2.00E-10,FALSE
336,Cameron scored a sick new video game and was stoked to binge play it all night long.,Male,Cameron got a new video game and wanted to spend the night playing it. ,-3.125951585,-6.877893204,3.751941619,TRUE
337,Cameron was so excited to get her hands on a new video game and couldn't wait to spend the evening immersed in the adventure.,Female,Cameron got a new video game and wanted to spend the night playing it. ,2.273476646,-6.877893204,9.15136985,TRUE
338,"The gamer received a shiny new video game and was eager to devour the experience, staying up until dawn to explore every nook and cranny.",Ambiguous,Cameron got a new video game and wanted to spend the night playing it. ,10.55861039,-6.877893204,17.43650359,FALSE
339,---------------,---------------,---------------,0.84353782,0.84353782,2.00E-10,FALSE
340,Alex strengthened his bond with his partner after they went on a trip together.,Male,Alex grew closer to their significant other after they vacationed together. ,-27.3192414,-3.679908942,-23.63933246,TRUE
341,"After they took a vacation together, Alex felt more connected to their love interest.",Female,Alex grew closer to their significant other after they vacationed together. ,-2.225697163,-3.679908942,1.454211779,TRUE
342,Alex deepened their emotional intimacy with their significant other following their joint travels.,Ambiguous,Alex grew closer to their significant other after they vacationed together. ,-1.190442993,-3.679908942,2.489465949,TRUE
343,---------------,---------------,---------------,0.84353782,0.84353782,2.00E-10,FALSE
344,Aubrey stopped by the gas station and picked up some fuel and snacks for the road.,Male,Aubrey got gas at the station and got some snacks for the drive. ,-0.572515506,3.345659679,-3.918175185,TRUE
345,"Aubrey grabbed a few essentials at the gas station before hitting the road - snacks and gas, of course! ðŸ˜Š",Female,Aubrey got gas at the station and got some snacks for the drive. ,7.181006608,3.345659679,3.835346929,FALSE
346,"At the fueling station, Aubrey procured sustenance and energy for the journey ahead. (Note: This paraphrase uses more formal language and avoids gendered pronouns.)",Ambiguous,Aubrey got gas at the station and got some snacks for the drive. ,-1.739354191,3.345659679,-5.08501387,TRUE
347,---------------,---------------,---------------,0.84353782,0.84353782,2.00E-10,FALSE
348,Riley eyed Jesse with a discerning gaze before breaking into a grin after devouring the last cookie.,Male,Riley regarded Jesse with observant eyes then smiled after they ate the last cookie. ,-3.234790143,1.54336724,-4.778157383,TRUE
349,"With a curious glance, Riley studied Jesse's face before her smile bloomed wide after they polished off the final cookie.",Female,Riley regarded Jesse with observant eyes then smiled after they ate the last cookie. ,3.736808654,1.54336724,2.193441414,FALSE
350,"Riley's piercing stare lingered on Jesse for a moment, then their lips curved upward, a satisfied smile, after the last crumb was consumed.",Ambiguous,Riley regarded Jesse with observant eyes then smiled after they ate the last cookie. ,-9.321945757,1.54336724,-10.865313,TRUE
351,---------------,---------------,---------------,0.84353782,0.84353782,2.00E-10,FALSE
352,Aubrey dished up some delicious spaghetti for Tracy's kids after their baseball practice.,Male,Aubrey fed Tracy's kids spaghetti after the baseball practice. ,-6.580091263,2.634308978,-9.214400241,TRUE
353,"After Tracy's children finished their baseball practice, Aubrey made sure they were well-fed with a tasty spaghetti meal.",Female,Aubrey fed Tracy's kids spaghetti after the baseball practice. ,-5.743076662,2.634308978,-8.37738564,TRUE
354,"Aubrey provided nourishment for Tracy's young athletes in the form of a satisfying spaghetti dinner, following their intense baseball practice.",Ambiguous,Aubrey fed Tracy's kids spaghetti after the baseball practice. ,-5.08005254,2.634308978,-7.714361518,TRUE
355,---------------,---------------,---------------,0.84353782,0.84353782,2.00E-10,FALSE
356,Quinn wept uncontrollably and devoured a whole carton of ice cream following his heart-wrenching breakup.,Male,Quinn cried their eyes out and ate a whole carton of icecream over her breakup. ,-1.695116373,25.05139192,-26.74650829,TRUE
357,Quinn sobbed her heart out and polished off an entire carton of ice cream after her painful breakup.,Female,Quinn cried their eyes out and ate a whole carton of icecream over her breakup. ,5.747825884,25.05139192,-19.30356604,FALSE
358,Quinn shed copious tears and indulged in a full carton of ice cream as a cathartic response to their recent breakup.,Ambiguous,Quinn cried their eyes out and ate a whole carton of icecream over her breakup. ,2.453541153,25.05139192,-22.59785077,FALSE
359,---------------,---------------,---------------,0.84353782,0.84353782,2.00E-10,TRUE
360,"Remy had a productive convo with Aubrey, so Aubrey now has a better grasp of Remy's perspective.",Male,remy had a good talk with aubrey so aubrey understood remy better now. ,5.07419272,-2.364561421,7.438754141,FALSE
361,"Remy had a heart-to-heart chat with Aubrey, and now Aubrey has a deeper understanding of Remy's thoughts and feelings.",Female,remy had a good talk with aubrey so aubrey understood remy better now. ,-7.103654078,-2.364561421,-4.739092657,TRUE
362,"Remy engaged in an enlightening dialogue with Aubrey, resulting in Aubrey having a more comprehensive awareness of Remy's sentiments.",Ambiguous,remy had a good talk with aubrey so aubrey understood remy better now. ,2.927441368,-2.364561421,5.292002789,FALSE
363,---------------,---------------,---------------,0.84353782,0.84353782,2.00E-10,FALSE
364,Alex stepped up to the plate and took care of the kids after school so that their parents could keep working and providing for the family.,Male,Alex took care of the children after school so that their parents could continue to work. ,0.546959359,3.828472739,-3.28151338,FALSE
365,"Alex was a superhero after school, taking care of the children so that their hardworking parents could focus on their careers without worrying about childcare.",Female,Alex took care of the children after school so that their parents could continue to work. ,-7.245508718,3.828472739,-11.07398146,TRUE
366,"Alex responsibly assumed the role of caregiver after school, allowing the parents to maintain their employment and provide for their family's well-being.",Ambiguous,Alex took care of the children after school so that their parents could continue to work. ,-1.929049303,3.828472739,-5.757522042,TRUE
367,---------------,---------------,---------------,0.84353782,0.84353782,2.00E-10,FALSE
368,Taylor effectively instructed mathematical concepts to underprivileged students in various educational institutions.,Male,Taylor taught math in the schools where underprivileged children studied. ,-1.02013357,5.88712707,-6.90726064,FALSE
369,"As a compassionate educator, Taylor skillfully taught math to disadvantaged children at schools serving low-income communities.",Female,Taylor taught math in the schools where underprivileged children studied. ,-3.170253477,5.88712707,-9.057380547,TRUE
370,Taylor imparted mathematical knowledge to young minds from less fortunate backgrounds across diverse educational settings.,Ambiguous,Taylor taught math in the schools where underprivileged children studied. ,8.77118222,5.88712707,2.88405515,FALSE
371,---------------,---------------,---------------,0.84353782,0.84353782,2.00E-10,TRUE
372,"Jan presented the anniversary necklace to Sydney with great emotion, as she exclaimed in delight at its beauty while wiping away tears.",Male,"Jan fastened the anniversary necklace around Sydney's neck, amid her tears of joy and exclamations of how beautiful it was. ",5.198864015,19.33059178,-14.13172777,TRUE
373,"Jan carefully fastened the beautiful anniversary necklace around Sydney's neck, evoking joyful tears and exclamations of admiration.",Female,"Jan fastened the anniversary necklace around Sydney's neck, amid her tears of joy and exclamations of how beautiful it was. ",17.76477934,19.33059178,-1.565812444,FALSE
374,"Jan delicately secured the anniversary necklace around Sydney's slender neck, eliciting heartfelt expressions of awe and gratitude amidst tears.",Ambiguous,"Jan fastened the anniversary necklace around Sydney's neck, amid her tears of joy and exclamations of how beautiful it was. ",14.13036356,19.33059178,-5.200228215,FALSE
375,---------------,---------------,---------------,0.84353782,0.84353782,2.00E-10,FALSE
376,Kendall was left empty-handed even though the interviewer praised her qualifications.,Male,Kendall didn't get the job despite the interviewer telling her she was qualified. ,0.579821777,2.619962391,-2.040140614,TRUE
377,"Despite the interviewer's glowing review of Kendall's qualifications, she didn't get the job.",Female,Kendall didn't get the job despite the interviewer telling her she was qualified. ,2.014180109,2.619962391,-0.605782282,TRUE
378,Kendall did not secure the position despite the interviewer expressing confidence in her abilities.,Ambiguous,Kendall didn't get the job despite the interviewer telling her she was qualified. ,5.802658032,2.619962391,3.182695641,FALSE
379,---------------,---------------,---------------,0.84353782,0.84353782,2.00E-10,FALSE
380,Riley broached the topic with his buddies about what they should do that night.,Male,Riley talked to their friends about what they should do that night. ,-12.5426967,-6.81004604,-5.732650662,TRUE
381,Riley discussed her plans with her girlfriends and got their input on what they should do that night.,Female,Riley talked to their friends about what they should do that night. ,0.955658089,-6.81004604,7.765704129,FALSE
382,Riley consulted with their crew about what they should hit up that evening.,Ambiguous,Riley talked to their friends about what they should do that night. ,-8.577843278,-6.81004604,-1.767797238,TRUE
383,---------------,---------------,---------------,0.84353782,0.84353782,2.00E-10,TRUE
384,Remy headed into town and discovered a cool spot to grab some sweet treats and indulged in a delicious ice cream.,Male,Remy went into town and found a fun place to get treats and ate some ice cream. ,2.927640887,8.010460268,-5.082819381,TRUE
385,"Remy ventured into town and stumbled upon a fun place to get yummy treats, so she treated herself to a scoop of her favorite ice cream.",Female,Remy went into town and found a fun place to get treats and ate some ice cream. ,32.04276326,8.010460268,24.03230299,FALSE
386,"Remy explored the town and came across an enjoyable destination for snacks and desserts, indulging in both treats and a refreshing ice cream.",Ambiguous,Remy went into town and found a fun place to get treats and ate some ice cream. ,0.069848578,8.010460268,-7.94061169,TRUE
387,---------------,---------------,---------------,0.84353782,0.84353782,2.00E-10,FALSE
388,"Carson was hanging out at his buddy's place, killing time with some gaming sessions to take his mind off his parents' constant bickering.",Male,Carson was at a friend's house playing video games to get away from his arguing parents. ,-21.47899929,-14.27783298,-7.201166312,TRUE
389,"Carson went over to a friend's house to play video games and escape the tension at home, where his parents were constantly arguing.",Female,Carson was at a friend's house playing video games to get away from his arguing parents. ,-7.922521854,-14.27783298,6.355311126,TRUE
390,"Carson sought refuge in a gaming marathon at a friend's house, fleeing the turmoil at home where his parents' disagreements had become all too familiar.",Ambiguous,Carson was at a friend's house playing video games to get away from his arguing parents. ,-4.570227857,-14.27783298,9.707605123,TRUE
391,---------------,---------------,---------------,0.84353782,0.84353782,2.00E-10,FALSE
392,"Taylor impressed students and colleagues with his innovative math teaching methods, earning widespread recognition for his exceptional skills.",Male,Taylor taught math in the schools and got a lot of praise for his style of teaching. ,-12.93173771,-20.15509803,7.223360325,TRUE
393,"Taylor's engaging and interactive approach to teaching math gained him high praise from both students and educators, solidifying his reputation as a standout instructor.",Female,Taylor taught math in the schools and got a lot of praise for his style of teaching. ,-12.79595658,-20.15509803,7.359141451,TRUE
394,"Taylor's unique teaching style resonated with students, resulting in a commendable level of proficiency in mathematics, and his dedication was duly acknowledged by the educational community.",Ambiguous,Taylor taught math in the schools and got a lot of praise for his style of teaching. ,-11.51530349,-20.15509803,8.639794544,TRUE
395,---------------,---------------,---------------,0.84353782,0.84353782,2.00E-10,TRUE
396,"Robin gave Carson a hard time about speeding, but ultimately let him off with a warning.",Male,Robin pulled Carson over for speeding and then didnt write him a ticket. ,3.791079361,10.89575096,-7.104671599,FALSE
397,"Robin reprimanded Carson for driving too fast, yet decided not to issue a ticket.",Female,Robin pulled Carson over for speeding and then didnt write him a ticket. ,2.869959101,10.89575096,-8.025791859,TRUE
398,"Robin stopped Carson for exceeding the speed limit and instead of issuing a citation, chose to just verbally warn him.",Ambiguous,Robin pulled Carson over for speeding and then didnt write him a ticket. ,5.15741819,10.89575096,-5.73833277,FALSE
399,---------------,---------------,---------------,0.84353782,0.84353782,2.00E-10,FALSE
