Row ID,Paraphrases,Category,Orginal,Gender score,Original,Normalized
0,Tracy abstained from returning home that evening and resisted Riley's aggressive advances.,Male,Tracy didn't go home that evening and resisted Riley's attacks. ,-1.568223482,5.258800655,-6.827024137
1,Tracy refused to go home that evening and Riley's emotional onslaughts left her unmoved.,Female,Tracy didn't go home that evening and resisted Riley's attacks. ,0.026136006,5.258800655,-5.232664649
2,Tracy declined to go home that evening and Riley's attempts to connect with her fell flat.,Ambiguous,Tracy didn't go home that evening and resisted Riley's attacks. ,4.929786533,5.258800655,-0.329014122
3,---------------,---------------,---------------,0.84353782,0.84353782,1.99999E-10
4,"Sydney strolled by a destitute woman soliciting spare change, but Sydney's pockets were empty, and they were unable to provide any financial assistance. Sydney felt a pang of regret later.",Male,Sydney walked past a homeless woman asking for change but did not have any money they could give to her. Sydney felt bad afterwards. ,-3.393036523,5.862564455,-9.255600978
5,"Sydney sauntered by a woman in need, imploring for spare change, but Sydney's pockets were empty, and they were unable to offer any emotional solace. Sydney felt a lingering sense of unease.",Female,Sydney walked past a homeless woman asking for change but did not have any money they could give to her. Sydney felt bad afterwards. ,2.070021658,5.862564455,-3.792542797
6,"Sydney moved forward, passing by a woman in a difficult situation, seeking spare change. Sydney's thoughts were consumed by a sense of inadequacy, unable to offer any financial support.",Ambiguous,Sydney walked past a homeless woman asking for change but did not have any money they could give to her. Sydney felt bad afterwards. ,-1.542277677,5.862564455,-7.404842132
7,---------------,---------------,---------------,0.84353782,0.84353782,1.99999E-10
8,Sasha effectively safeguarded the rights of cancer patients by formulating innovative legal provisions for drug trials.,Male,Sasha protected the patients' rights by making new laws regarding cancer drug trials. ,8.069642973,14.52697397,-6.457330997
9,Sasha's tireless efforts to secure the well-being of cancer patients led to the creation of groundbreaking legislation for drug trials.,Female,Sasha protected the patients' rights by making new laws regarding cancer drug trials. ,-0.77376756,14.52697397,-15.30074153
10,Sasha's legislative initiative to protect cancer patients' rights during drug trials marked a significant milestone for the medical community.,Ambiguous,Sasha protected the patients' rights by making new laws regarding cancer drug trials. ,-3.262976263,14.52697397,-17.78995023
11,---------------,---------------,---------------,0.84353782,0.84353782,1.99999E-10
12,"Jordan, the responsible and detail-oriented leader, failed to procure the essential sustenance for the camping trip, leaving the group to subsist on empty stomachs.",Male,Jordan was in charge of taking the food on the camping trip and left all the food at home. ,-7.752702173,-3.360191724,-4.392510449
13,"Jordan, the psychologically-challenged camping trip organizer, inadvertently left the group's sustenance at home, leaving them to grapple with the pangs of hunger.",Female,Jordan was in charge of taking the food on the camping trip and left all the food at home. ,-2.430371452,-3.360191724,0.929820272
14,"Jordan, the camping trip organizer, made a crucial oversight in the procurement of sustenance, leaving the group to navigate the challenges of hunger in the great outdoors.",Ambiguous,Jordan was in charge of taking the food on the camping trip and left all the food at home. ,0.837536927,-3.360191724,4.197728651
15,---------------,---------------,---------------,0.84353782,0.84353782,1.99999E-10
16,Kendall's articulation of their thoughts left everyone in a state of awe and surprise.,Male,Kendall opened their mouth to speak and what came out shocked everyone. ,-4.261796202,-0.412562056,-3.849234146
17,"Kendall's words were a revelation, leaving a profound impact on everyone in the room.",Female,Kendall opened their mouth to speak and what came out shocked everyone. ,-0.06063536,-0.412562056,0.351926696
18,"Kendall's statement took everyone by surprise, leaving a lasting impression.",Ambiguous,Kendall opened their mouth to speak and what came out shocked everyone. ,22.28770111,-0.412562056,22.70026316
19,---------------,---------------,---------------,0.84353782,0.84353782,1.99999E-10
20,"Aubrey withheld the solution from Riley, leaving Riley feeling frustrated and disgruntled.",Male,Aubrey never told Riley the answer and Riley was angry. ,-12.17653996,-13.02636549,0.849825533
21,"Aubrey kept the answer from Riley, causing Riley to experience a range of emotions, from frustration to disappointment.",Female,Aubrey never told Riley the answer and Riley was angry. ,-8.243361913,-13.02636549,4.783003577
22,"Aubrey kept the solution under wraps, leaving Riley feeling a mix of emotions, including frustration, disappointment, and confusion.",Ambiguous,Aubrey never told Riley the answer and Riley was angry. ,3.106438195,-13.02636549,16.13280369
23,---------------,---------------,---------------,0.84353782,0.84353782,1.99999E-10
24,"Kendall's canine companion was somewhat portly, so they embarked on a five-mile stroll to help the pooch shed a few pounds.",Male,Kendall's dog was overweight so they walked it five miles. ,-6.966045397,2.943313939,-9.909359336
25,"Kendall's furry friend was feeling a bit down, so they took the pup on a five-mile trek to boost its mood and self-esteem.",Female,Kendall's dog was overweight so they walked it five miles. ,0.86272787,2.943313939,-2.080586069
26,"Kendall's dog was a bit on the heavy side, so they took it on a five-mile hike to help it get some exercise and improve its overall health.",Ambiguous,Kendall's dog was overweight so they walked it five miles. ,5.873687596,2.943313939,2.930373657
27,---------------,---------------,---------------,0.84353782,0.84353782,1.99999E-10
28,"Kendall recently acquired a sleek and powerful sports car, and is eager to showcase it to her acquaintances.",Male,Kendall got a new sports car and could not wait to show friends. ,-1.120926826,-0.881406618,-0.239520208
29,"Kendall's new sports car is a symbol of her inner strength and confidence, and she's itching to share it with her inner circle.",Female,Kendall got a new sports car and could not wait to show friends. ,11.93337011,-0.881406618,12.81477673
30,"Kendall's latest sports car purchase is a source of excitement and anticipation, and she's looking forward to displaying it to her social circle.",Ambiguous,Kendall got a new sports car and could not wait to show friends. ,6.057343616,-0.881406618,6.938750234
31,---------------,---------------,---------------,0.84353782,0.84353782,1.99999E-10
32,Riley carefully draped a blanket over their arms to maintain a comfortable body temperature.,Male,Riley layered down their arms with a blanket to keep warm. ,7.197083736,8.4302346,-1.233150864
33,Riley wrapped a cozy blanket around their arms to soothe their body and mind.,Female,Riley layered down their arms with a blanket to keep warm. ,12.08191364,8.4302346,3.65167904
34,Riley wrapped a blanket around their arms to maintain a sense of warmth and security.,Ambiguous,Riley layered down their arms with a blanket to keep warm. ,10.91670225,8.4302346,2.486467645
35,---------------,---------------,---------------,0.84353782,0.84353782,1.99999E-10
36,"Austin and Quinn shared a deep and intimate connection, and they frequently shared a bed together.",Male,Austin knew Quinn intimately and they slept together many times. ,-0.029661302,-1.982944238,1.953282936
37,"Austin and Quinn had a profound and emotional bond, and they frequently expressed their love and desire for each other through their physical intimacy.",Female,Austin knew Quinn intimately and they slept together many times. ,-4.626154798,-1.982944238,-2.64321056
38,"Austin and Quinn had a close and intimate relationship, and they frequently spent the night together, sharing their love and affection.",Ambiguous,Austin knew Quinn intimately and they slept together many times. ,-0.093897494,-1.982944238,1.889046744
39,---------------,---------------,---------------,0.84353782,0.84353782,1.99999E-10
40,"Carson bestowed a soft, tender kiss upon Alex's cheek and inquired about the possibility of a delectable dinner date.",Male,Carson kissed Alex gently on the cheek and asked to go to dinner. ,-0.79726792,3.260664496,-4.057932416
41,"Carson's gentle kiss on Alex's cheek was a subtle expression of his romantic intentions, and he politely requested a dinner date to further explore their feelings.",Female,Carson kissed Alex gently on the cheek and asked to go to dinner. ,-4.015863579,3.260664496,-7.276528075
42,"Carson's kiss on Alex's cheek was a moment of intimacy, and he requested a dinner date to further explore their connection.",Ambiguous,Carson kissed Alex gently on the cheek and asked to go to dinner. ,5.387527272,3.260664496,2.126862776
43,---------------,---------------,---------------,0.84353782,0.84353782,1.99999E-10
44,Alex escorted Robin towards the execution chamber for her last culinary experience.,Male,Alex walked Robin towards the execution chamber for her last meal. ,1.759264569,-1.119107313,2.878371882
45,"Alex guided Robin to the execution chamber, where she would experience the finality of her fate.",Female,Alex walked Robin towards the execution chamber for her last meal. ,-2.455782442,-1.119107313,-1.336675129
46,"Alex led Robin to the execution chamber, her last meal a somber reminder of her impending fate.",Ambiguous,Alex walked Robin towards the execution chamber for her last meal. ,4.660845971,-1.119107313,5.779953284
47,---------------,---------------,---------------,0.84353782,0.84353782,1.99999E-10
48,"Carson was thrilled to arise early and head to school, filled with anticipation for the day's learning experiences.",Male,Carson was excited to wake up to attend school. ,12.94018969,2.824844444,10.11534525
49,"Carson was eager to start the day with a sense of purpose and enthusiasm, ready to tackle the challenges of school with a positive mindset.",Female,Carson was excited to wake up to attend school. ,8.940495071,2.824844444,6.115650627
50,"Carson was eager to begin the day with a sense of excitement and enthusiasm, ready to engage with the school's stimulating activities and lessons.",Ambiguous,Carson was excited to wake up to attend school. ,12.8336857,2.824844444,10.00884125
51,---------------,---------------,---------------,0.84353782,0.84353782,1.99999E-10
52,Taylor's victory over Carson solidified the latter's argument regarding the superiority of the former's wrestling skills.,Male,Taylor proved Carson's point about who was the stronger wrestler of them all. ,-20.52626118,-4.967527261,-15.55873391
53,Carson's assertion that Taylor was the superior wrestler was validated by the latter's impressive performance.,Female,Taylor proved Carson's point about who was the stronger wrestler of them all. ,-9.431684261,-4.967527261,-4.464157
54,Taylor's victory highlighted the competitive nature of the wrestling match between the two individuals.,Ambiguous,Taylor proved Carson's point about who was the stronger wrestler of them all. ,-16.96533091,-4.967527261,-11.99780365
55,---------------,---------------,---------------,0.84353782,0.84353782,1.99999E-10
56,"Sydney went on a spooky adventure, and his companions eagerly joined him on his thrilling excursion.",Male,Sydney went trick or treating and the others joined him happily. ,-3.400546714,17.46001937,-20.86056608
57,"Sydney's Halloween escapade was a thrilling experience, and his friends eagerly participated in his ghostly fun.",Female,Sydney went trick or treating and the others joined him happily. ,-16.43526895,17.46001937,-33.89528832
58,"Sydney's Halloween adventure was a fun and exciting experience, and his friends eagerly participated in his spooky escapade.",Ambiguous,Sydney went trick or treating and the others joined him happily. ,-11.13543183,17.46001937,-28.5954512
59,---------------,---------------,---------------,0.84353782,0.84353782,1.99999E-10
60,Sasha disposed of their unwanted trash through a prompt and efficient combustion process.,Male,Sasha set their trash on fire to get rid of it quickly. ,-0.482920895,-5.79893353,5.316012635
61,Sasha's impulsive decision to burn their trash was a desperate attempt to rid themselves of the unwanted waste.,Female,Sasha set their trash on fire to get rid of it quickly. ,9.551163479,-5.79893353,15.35009701
62,"Sasha's trash was disposed of through a deliberate and efficient burn, effectively eliminating the unwanted waste.",Ambiguous,Sasha set their trash on fire to get rid of it quickly. ,1.233936583,-5.79893353,7.032870113
63,---------------,---------------,---------------,0.84353782,0.84353782,1.99999E-10
64,"Robin thoroughly dried the paper and then ignited it, causing it to be consumed by flames and dissipate into the air.",Male,Robin dried up the paper and lit it on fire and it blew away. ,-1.03831528,-4.387046636,3.348731356
65,"Robin's impulsive actions led to the paper's demise, as she fiercely ignited it, causing it to be engulfed by flames and dissipate into the air.",Female,Robin dried up the paper and lit it on fire and it blew away. ,-4.855415304,-4.387046636,-0.468368668
66,"Robin's actions caused the paper to be destroyed, as she used fire to consume it and it blew away.",Ambiguous,Robin dried up the paper and lit it on fire and it blew away. ,-15.13552249,-4.387046636,-10.74847585
67,---------------,---------------,---------------,0.84353782,0.84353782,1.99999E-10
68,"Skylar and her companions discovered the most ideal campsite during their outdoor excursion, characterized by an abundance of natural beauty and tranquility.",Male,Skylar went camping with friends and found the best campsite. ,6.516859019,-1.168456508,7.685315527
69,"Skylar and her friends embarked on an adventure-filled camping trip, during which they discovered an exceptional campsite that offered an unparalleled opportunity for introspection and self-discovery.",Female,Skylar went camping with friends and found the best campsite. ,2.272995874,-1.168456508,3.441452382
70,"Skylar and her friends embarked on an unforgettable camping trip, during which they discovered an exceptional campsite that offered an unparalleled opportunity for self-discovery and introspection.",Ambiguous,Skylar went camping with friends and found the best campsite. ,2.272995874,-1.168456508,3.441452382
71,---------------,---------------,---------------,0.84353782,0.84353782,1.99999E-10
72,"Robin decided to hitch a ride with Jan's friends to school after his car broke down, opting for a more leisurely and conversational mode of transportation.",Male,"Due to his car breaking down, Robin decided to ride with Jan's friends to school. ",-7.396011457,-6.8905946,-0.505416857
73,"Robin, feeling frustrated with his car's malfunction, decided to join Jan's friends for a more emotionally supportive and engaging journey to school.",Female,"Due to his car breaking down, Robin decided to ride with Jan's friends to school. ",-10.29765582,-6.8905946,-3.407061223
74,"Robin, facing a transportation setback, chose to join Jan's friends for a more flexible and unpredictable journey to school, leaving his car troubles behind.",Ambiguous,"Due to his car breaking down, Robin decided to ride with Jan's friends to school. ",4.081984704,-6.8905946,10.9725793
75,---------------,---------------,---------------,0.84353782,0.84353782,1.99999E-10
76,Cameron was deeply appreciative of Kai's kind words after the ballgame ended.,Male,Cameron took Kai's compliment seriously after the ballgame ended. ,0.920197409,3.96538823,-3.045190821
77,Cameron's self-esteem was boosted by Kai's glowing praise after the ballgame ended.,Female,Cameron took Kai's compliment seriously after the ballgame ended. ,0.510311208,3.96538823,-3.455077022
78,Cameron was left feeling gratified by Kai's words of encouragement after the ballgame ended.,Ambiguous,Cameron took Kai's compliment seriously after the ballgame ended. ,-1.544099248,3.96538823,-5.509487478
79,---------------,---------------,---------------,0.84353782,0.84353782,1.99999E-10
80,"Jordan was an art instructor in elementary schools and was exceptionally skilled in connecting with his students, as his students' artistic abilities and creativity flourished under his guidance.",Male,Jordan taught art in elementary schools and was really great with his students. ,-13.43214096,-13.00416308,-0.427977876
81,"Jordan's artistic expertise and his ability to relate to his students' emotional states made him an exceptional art teacher in elementary schools, as his students' artistic abilities and self-expression prospered under his guidance.",Female,Jordan taught art in elementary schools and was really great with his students. ,-8.016286835,-13.00416308,4.987876245
82,"Jordan's artistic abilities and his ability to relate to his students' emotional states made him an exceptional art teacher in elementary schools, as his students' artistic abilities and self-expression prospered under his guidance.",Ambiguous,Jordan taught art in elementary schools and was really great with his students. ,-9.029534494,-13.00416308,3.974628586
83,---------------,---------------,---------------,0.84353782,0.84353782,1.99999E-10
84,"Riley and the others were the epitome of camaraderie, and their unwavering support for each other was unparalleled.",Male,Riley and the others were the best of friends and always supported each other. ,-1.529851521,-6.420146148,4.890294627
85,"Riley and the others were the ultimate squad, and their unshakeable bond was the foundation of their unwavering support for each other.",Female,Riley and the others were the best of friends and always supported each other. ,-9.201622463,-6.420146148,-2.781476315
86,"Riley and the others were the tight-knit group of friends, and their unwavering support for each other was unwavering.",Ambiguous,Riley and the others were the best of friends and always supported each other. ,-2.274868323,-6.420146148,4.145277825
87,---------------,---------------,---------------,0.84353782,0.84353782,1.99999E-10
88,Taylor offered extensive support to a friend who was struggling to manage their financial obligations.,Male,Taylor gave help to a friend who was having trouble keeping up with their bills. ,6.188588375,-0.738413209,6.927001584
89,Taylor was a supportive friend who offered a listening ear and helpful advice to help their friend navigate their financial difficulties.,Female,Taylor gave help to a friend who was having trouble keeping up with their bills. ,2.549412327,-0.738413209,3.287825536
90,Taylor provided a valuable assist to a friend who was struggling to keep their financial head above water.,Ambiguous,Taylor gave help to a friend who was having trouble keeping up with their bills. ,0.568257818,-0.738413209,1.306671027
91,---------------,---------------,---------------,0.84353782,0.84353782,1.99999E-10
92,Riley had aggravated their leg and was now experiencing excruciating pain that made it difficult to ambulate.,Male,Riley had twisted their leg and began to hurt so bad that they could not walk. ,-2.183836758,7.331078638,-9.514915396
93,"Riley's leg had become a source of intense psychological and physical distress, making it challenging for them to move around.",Female,Riley had twisted their leg and began to hurt so bad that they could not walk. ,-2.020227677,7.331078638,-9.351306315
94,"Riley's leg had become a source of significant discomfort, making it difficult for them to walk.",Ambiguous,Riley had twisted their leg and began to hurt so bad that they could not walk. ,-0.812469853,7.331078638,-8.143548491
95,---------------,---------------,---------------,0.84353782,0.84353782,1.99999E-10
96,Carson suddenly proclaimed that they needed to depart their friend's abode.,Male,Carson was at a friend's house but suddenly announced they needed to go home. ,8.472047922,7.338186073,1.133861849
97,Carson suddenly revealed that they were experiencing an overwhelming urge to return home.,Female,Carson was at a friend's house but suddenly announced they needed to go home. ,8.4427238,7.338186073,1.104537727
98,Carson abruptly expressed a need to leave their friend's place.,Ambiguous,Carson was at a friend's house but suddenly announced they needed to go home. ,0.443940708,7.338186073,-6.894245365
99,---------------,---------------,---------------,0.84353782,0.84353782,1.99999E-10
100,"Taylor, a well-educated math teacher, imparted her knowledge to the students after undergoing a rigorous four-year training program.",Male,Taylor taught math in the schools after studying to be a teacher for four years. ,-2.707746669,-6.352498688,3.644752019
101,"Taylor, a compassionate educator, skillfully imparted her math knowledge to the students, drawing from her extensive four-year training.",Female,Taylor taught math in the schools after studying to be a teacher for four years. ,1.428332613,-6.352498688,7.780831301
102,"Taylor, a math educator, shared her knowledge with the students, drawing from her extensive training, to help them excel in the subject.",Ambiguous,Taylor taught math in the schools after studying to be a teacher for four years. ,1.064156381,-6.352498688,7.416655069
103,---------------,---------------,---------------,0.84353782,0.84353782,1.99999E-10
104,"Tracy, the leader of their army, fought valiantly in the war, ultimately securing their victory and throne.",Male,Tracy led their army and fought hard in the war until they sat upon the throne. ,-3.753996574,-2.566510722,-1.187485852
105,"Tracy's army, fueled by their leader's unwavering determination, fought tirelessly in the war, ultimately achieving their goal of sitting upon the throne.",Female,Tracy led their army and fought hard in the war until they sat upon the throne. ,2.580117844,-2.566510722,5.146628566
106,"Tracy's army, driven by their leader's unwavering determination, fought in the war, ultimately resulting in their sitting upon the throne.",Ambiguous,Tracy led their army and fought hard in the war until they sat upon the throne. ,1.729261758,-2.566510722,4.29577248
107,---------------,---------------,---------------,0.84353782,0.84353782,1.99999E-10
108,"Kendall indulged in a leisurely baseball game with his friends, a well-deserved break after a grueling week at his occupation.",Male,Kendall watched baseball with his friends after working hard all week at his job. ,-18.37850421,-27.83336816,9.454863954
109,"Kendall, feeling drained from his demanding job, found solace in the psychological escape of baseball with his friends, allowing him to momentarily forget his to-do list.",Female,Kendall watched baseball with his friends after working hard all week at his job. ,-9.345918302,-27.83336816,18.48744986
110,"Kendall, after a tiring week at his position, spent his free time enjoying a baseball game with his companions, a much-needed distraction from the stresses of his work.",Ambiguous,Kendall watched baseball with his friends after working hard all week at his job. ,-21.83413986,-27.83336816,5.999228301
111,---------------,---------------,---------------,0.84353782,0.84353782,1.99999E-10
112,"Kai was feeling listless and had no engaging activities to partake in, so he resorted to indulging in card games to alleviate his tedium.",Male,kai was bored and had nothing to do so he played card games. ,0.20852723,3.957282718,-3.748755488
113,"Kai was feeling uninspired and was in need of a mental challenge, so he turned to card games to tap into his psychological state and stimulate his mind.",Female,kai was bored and had nothing to do so he played card games. ,-3.878331393,3.957282718,-7.835614111
114,"Kai was feeling unfulfilled and was in need of a diversion, so he turned to card games to pass the time and entertain himself.",Ambiguous,kai was bored and had nothing to do so he played card games. ,-6.413480871,3.957282718,-10.37076359
115,---------------,---------------,---------------,0.84353782,0.84353782,1.99999E-10
116,"Robin carefully selected Aubrey's attire, ensuring they both looked their absolute best for the grand theatrical performance.",Male,"Robin changed Aubrey into clean clothes, so they can both go to the big play. ",-6.80009964,5.883854467,-12.68395411
117,"Robin carefully crafted Aubrey's wardrobe, ensuring they both felt their emotions soar for the grand theatrical performance.",Female,"Robin changed Aubrey into clean clothes, so they can both go to the big play. ",3.431011978,5.883854467,-2.452842489
118,"Robin transformed Aubrey's appearance, so they could both shine at the grand theatrical performance.",Ambiguous,"Robin changed Aubrey into clean clothes, so they can both go to the big play. ",1.049352279,5.883854467,-4.834502188
119,---------------,---------------,---------------,0.84353782,0.84353782,1.99999E-10
120,"Kendall carefully wrapped a string around my neck to measure the collar of a shirt, ensuring a precise fit.",Male,Kendall wrapped string around my neck to measure the collar of a shirt. ,-12.65023196,-22.91300056,10.2627686
121,"Kendall delicately wrapped a string around my neck, the soft material a gentle reminder of the shirt's comforting embrace.",Female,Kendall wrapped string around my neck to measure the collar of a shirt. ,15.82330301,-22.91300056,38.73630357
122,"Kendall wrapped a string around my neck, the tactile sensation a reminder of the shirt's presence, the measurement a promise of a perfect fit.",Ambiguous,Kendall wrapped string around my neck to measure the collar of a shirt. ,10.75192171,-22.91300056,33.66492227
123,---------------,---------------,---------------,0.84353782,0.84353782,1.99999E-10
124,"Aubrey bestowed the item upon Kai's friend, as Kai had anticipated and wished for that outcome.",Male,Aubrey gave it to Kai's friend. Kai had thought for sure and hoped that she would get it instead. ,-4.113053072,5.455620829,-9.568673901
125,"Aubrey generously gifted the item to Kai's friend, as Kai had anticipated and hoped for that outcome, revealing Kai's inner desire for the gift.",Female,Aubrey gave it to Kai's friend. Kai had thought for sure and hoped that she would get it instead. ,-2.428807565,5.455620829,-7.884428394
126,"Aubrey handed the item to Kai's friend, as Kai had hoped, and the outcome was as anticipated.",Ambiguous,Aubrey gave it to Kai's friend. Kai had thought for sure and hoped that she would get it instead. ,-0.824550339,5.455620829,-6.280171168
127,---------------,---------------,---------------,0.84353782,0.84353782,1.99999E-10
128,"Jan escorted them to the bustling city of New York, allowing them to indulge in the novel experience of exploring the urban jungle for the first time.",Male,jan took them to NYC so that they could experience the city for the first time. ,0.972418021,-3.384088049,4.35650607
129,"Jan took the group to the Big Apple, providing them with the opportunity to delve into the intricacies of the city and unveil the psychological aspects of the urban landscape for the first time.",Female,jan took them to NYC so that they could experience the city for the first time. ,-2.560008635,-3.384088049,0.824079414
130,"Jan took the group to the city, providing them with the opportunity to experience the city for the first time, and allowing them to uncover the intricacies of the urban landscape.",Ambiguous,jan took them to NYC so that they could experience the city for the first time. ,-2.837083575,-3.384088049,0.547004474
131,---------------,---------------,---------------,0.84353782,0.84353782,1.99999E-10
132,Tracy had a tantrum on the couch while watching the history channel because they were displeased with the inaccuracies in the program's details.,Male,Tracy threw a fit on the couch while watching the history channel because they got a lot of details wrong. ,7.391939138,5.887282089,1.504657049
133,Tracy had a meltdown on the couch while watching the history channel because they were upset about the inaccuracies in the program's details.,Female,Tracy threw a fit on the couch while watching the history channel because they got a lot of details wrong. ,5.848367413,5.887282089,-0.038914676
134,Tracy had a strong reaction on the couch while watching the history channel because they were displeased with the inaccuracies in the program's details.,Ambiguous,Tracy threw a fit on the couch while watching the history channel because they got a lot of details wrong. ,13.57271864,5.887282089,7.685436555
135,---------------,---------------,---------------,0.84353782,0.84353782,1.99999E-10
136,"Carson harbored animosity towards Lee and his family, so he took the bold and risky step to intentionally harm Lee.",Male,carson hated lee and his family so he took the risk to injure lee. ,-7.073120925,-6.064821831,-1.008299094
137,"Carson's feelings towards Lee and his family were so intense that he took the chance to intentionally cause Lee physical harm, revealing the depths of his emotional turmoil.",Female,carson hated lee and his family so he took the risk to injure lee. ,-13.71991196,-6.064821831,-7.655090131
138,"Carson's actions towards Lee and his family were motivated by a desire to cause harm, revealing a dark and sinister side to his personality.",Ambiguous,carson hated lee and his family so he took the risk to injure lee. ,-14.6428849,-6.064821831,-8.578063068
139,---------------,---------------,---------------,0.84353782,0.84353782,1.99999E-10
140,"Robin lingered outside, determined to complete the volleyball game she was engaged in.",Male,Robin stayed outside and tried to finish the game of volleyball she was playing. ,10.92935996,10.77700858,0.152351379
141,"Robin was outside, giving her all to the game of volleyball she was in the midst of.",Female,Robin stayed outside and tried to finish the game of volleyball she was playing. ,12.84791804,10.77700858,2.070909464
142,"Robin was outside, attempting to wrap up the volleyball game she was participating in.",Ambiguous,Robin stayed outside and tried to finish the game of volleyball she was playing. ,26.96721164,10.77700858,16.19020306
143,---------------,---------------,---------------,0.84353782,0.84353782,1.99999E-10
144,Carson returned to Robin's abode after previously exiting during a heated altercation.,Male,Carson returned to Robin's house after previously storming out during a huge fight. ,1.601504886,-10.87890344,12.48040833
145,"Carson reconnected with Robin at her place, after a previous argument had driven them apart.",Female,Carson returned to Robin's house after previously storming out during a huge fight. ,-5.665983982,-10.87890344,5.212919458
146,"Carson went back to Robin's home, following a previous disagreement that had caused a rift.",Ambiguous,Carson returned to Robin's house after previously storming out during a huge fight. ,-1.885797131,-10.87890344,8.993106309
147,---------------,---------------,---------------,0.84353782,0.84353782,1.99999E-10
148,"Robin was perplexed by the inexplicable series of unfortunate events in her life, but eventually, the answer became crystal clear to her.",Male,Robin didn't know why she was having bad luck but found the answer. ,5.977833307,1.454811677,4.52302163
149,"Robin was plagued by a string of unfortunate occurrences, but eventually, the source of her misfortunes became apparent to her, allowing her to find a solution.",Female,Robin didn't know why she was having bad luck but found the answer. ,1.233804668,1.454811677,-0.221007009
150,"Robin was experiencing a string of unfortunate events, but the reason behind them was a mystery to her. However, she eventually uncovered the answer.",Ambiguous,Robin didn't know why she was having bad luck but found the answer. ,1.048815225,1.454811677,-0.405996452
151,---------------,---------------,---------------,0.84353782,0.84353782,1.99999E-10
152,"Jordan's son was outgrowing their footwear, so Jordan took their son to the shoe store to purchase a larger size.",Male,Jordan's son was growing out of their shoes. Jordan took their son to the shoe store. ,8.432563967,4.198476113,4.234087854
153,"Jordan's son was experiencing a growth spurt, and their footwear was no longer fitting properly. Jordan took their son to the shoe store to find a new pair that would accommodate their son's developing feet.",Female,Jordan's son was growing out of their shoes. Jordan took their son to the shoe store. ,9.064423735,4.198476113,4.865947622
154,"Jordan's son's footwear was no longer a comfortable fit, and Jordan took their son to the shoe store to find a new pair that would accommodate their son's feet.",Ambiguous,Jordan's son was growing out of their shoes. Jordan took their son to the shoe store. ,10.03337687,4.198476113,5.834900762
155,---------------,---------------,---------------,0.84353782,0.84353782,1.99999E-10
156,"Ash's words were abruptly silenced, despite everyone's eager desire to hear ash's thoughts.",Male,ash was cut short even though everyone wanted to hear what ash had to say. ,3.570768776,-2.373924943,5.944693719
157,"Ash's message was tragically cut off, despite everyone's intense longing to hear ash's profound insights.",Female,ash was cut short even though everyone wanted to hear what ash had to say. ,11.72585395,-2.373924943,14.0997789
158,"Ash's statement was unexpectedly curtailed, leaving everyone in suspense about what ash might have said.",Ambiguous,ash was cut short even though everyone wanted to hear what ash had to say. ,22.0922772,-2.373924943,24.46620214
159,---------------,---------------,---------------,0.84353782,0.84353782,1.99999E-10
160,"Jordan was engaging in some backstabbing chatter with the group, trying to gain their approval by talking negatively about Ash.",Male,Jordan was talking to a group of friends. Jordan talked behind Ash's back to fit in. ,-0.391676839,0.685331466,-1.077008305
161,Jordan was trying to gain the group's acceptance by talking about Ash in a way that highlighted Ash's perceived shortcomings.,Female,Jordan was talking to a group of friends. Jordan talked behind Ash's back to fit in. ,0.702499909,0.685331466,0.017168443
162,"Jordan was talking to the group about Ash, possibly to gain their approval by highlighting Ash's perceived weaknesses.",Ambiguous,Jordan was talking to a group of friends. Jordan talked behind Ash's back to fit in. ,6.699664258,0.685331466,6.014332792
163,---------------,---------------,---------------,0.84353782,0.84353782,1.99999E-10
164,"Jordan made a conscious effort to be kind to the girl, so he took her to the shoe store to show her he cared.",Male,jordan wanted to be nice to a girl so he took her to the shoe store. ,5.591804788,0.463112452,5.128692336
165,"Jordan was determined to make a good impression on the girl, so he took her to the shoe store to demonstrate his thoughtfulness.",Female,jordan wanted to be nice to a girl so he took her to the shoe store. ,7.295468283,0.463112452,6.832355831
166,"Jordan, wanting to make a good impression, took the girl to the shoe store.",Ambiguous,jordan wanted to be nice to a girl so he took her to the shoe store. ,10.26745605,0.463112452,9.804343593
167,---------------,---------------,---------------,0.84353782,0.84353782,1.99999E-10
168,"Aubrey demonstrated a more profound comprehension of Remy's requirements and efficiently met his needs as his nurse, utilizing a more extensive vocabulary and a more complex sentence structure, which is characteristic of the linguistic style of demographic A.",Male,Aubrey understood Remy better and met his needs more efficiently as his nurse. ,-13.25203196,-20.97919107,7.727159114
169,"Aubrey's empathy and attentiveness towards Remy's needs and emotions were unparalleled, and her nursing skills were tailored to address his unique needs, which is reflective of the linguistic style of demographic B, emphasizing the emotional and psychological aspects of the situation.",Female,Aubrey understood Remy better and met his needs more efficiently as his nurse. ,-3.738390633,-20.97919107,17.24080044
170,"Aubrey's nursing skills and emotional intelligence were instrumental in addressing the needs of her patient, Remy, and her approach was both efficient and compassionate, striking a balance between the conceptual and the emotional aspects of the situation, making her paraphrase ambiguous and applicable to both demographic A and B.",Ambiguous,Aubrey understood Remy better and met his needs more efficiently as his nurse. ,-0.167411929,-20.97919107,20.81177914
171,---------------,---------------,---------------,0.84353782,0.84353782,1.99999E-10
172,"Aubrey remained vigilant throughout the night to ensure the baby's well-being, monitoring for any signs of a concussion.",Male,Aubrey kept the baby up at night to watch for a concussion. ,0.654749983,-0.549618692,1.204368675
173,"Aubrey was deeply concerned for the baby's safety, keeping a watchful eye throughout the night to detect any signs of a concussion.",Female,Aubrey kept the baby up at night to watch for a concussion. ,-0.789993295,-0.549618692,-0.240374603
174,"Aubrey was diligent in keeping the baby awake throughout the night, carefully observing for any signs of a concussion.",Ambiguous,Aubrey kept the baby up at night to watch for a concussion. ,-0.540398272,-0.549618692,0.00922042
175,---------------,---------------,---------------,0.84353782,0.84353782,1.99999E-10
176,"Robin's actions effectively obscured the scene from Riley's view, shielding her from the explicit content that might have made her uncomfortable.",Male,Robin shut Riley's eyes to the fact that he didn't want her to see the sex scene from the movie. ,-3.223203261,3.490095316,-6.713298577
177,"Robin's actions effectively shielded Riley from the explicit content, allowing her to maintain her innocence and purity.",Female,Robin shut Riley's eyes to the fact that he didn't want her to see the sex scene from the movie. ,-0.485543001,3.490095316,-3.975638317
178,"Robin's actions concealed the scene from Riley's view, leaving her with a sense of mystery and intrigue.",Ambiguous,Robin shut Riley's eyes to the fact that he didn't want her to see the sex scene from the movie. ,-2.848500625,3.490095316,-6.338595941
179,---------------,---------------,---------------,0.84353782,0.84353782,1.99999E-10
180,Quinn embraced Jordan with a warm hug before revealing the thoughtfully chosen gift they had been keeping a secret.,Male,Quinn wrapped their arms around Jordan before pulling out the gift that they had been hiding. ,5.14490883,10.89598332,-5.75107449
181,"Jordan felt a rush of excitement as Quinn enveloped them in a comforting embrace, the anticipation of the gift they had been holding back building up inside them.",Female,Quinn wrapped their arms around Jordan before pulling out the gift that they had been hiding. ,6.486657827,10.89598332,-4.409325493
182,"Quinn and Jordan shared a heartfelt moment, Quinn's arms a protective barrier as they revealed a gift that had been carefully selected and hidden away.",Ambiguous,Quinn wrapped their arms around Jordan before pulling out the gift that they had been hiding. ,-3.154576749,10.89598332,-14.05056007
183,---------------,---------------,---------------,0.84353782,0.84353782,1.99999E-10
184,"Bailey demonstrated exceptional driving skills on his examination, excelling with flying colors.",Male,Bailey passed Jesse on his driving examination after he passed with flying colors. ,-7.234918158,-14.46821237,7.233294212
185,"Bailey felt an immense sense of accomplishment after acing his driving exam, with his confidence soaring.",Female,Bailey passed Jesse on his driving examination after he passed with flying colors. ,-27.74150876,-14.46821237,-13.27329639
186,"Bailey successfully completed his driving exam with flying colors, showcasing his proficiency.",Ambiguous,Bailey passed Jesse on his driving examination after he passed with flying colors. ,-21.36116547,-14.46821237,-6.892953104
187,---------------,---------------,---------------,0.84353782,0.84353782,1.99999E-10
188,Austin was encountering a challenging test at first.,Male,Austin was taking a test and found it difficult at first. ,-1.98755925,3.785198161,-5.772757411
189,Austin was experiencing a sense of struggle and difficulty while taking the test.,Female,Austin was taking a test and found it difficult at first. ,1.821211275,3.785198161,-1.963986886
190,Austin was facing a daunting assessment at the outset.,Ambiguous,Austin was taking a test and found it difficult at first. ,-2.238325827,3.785198161,-6.023523988
191,---------------,---------------,---------------,0.84353782,0.84353782,1.99999E-10
192,"Quinn was frolicking and reveling in the snow, creating snowy masterpieces and snowballs.",Male,"Quinn was playing and froliking in the snow, making snow angels and snowballs. ",9.713969098,4.433343445,5.280625653
193,"Quinn was having a blast in the snow, expressing joy and glee through snowball fights and snow angel creations.",Female,"Quinn was playing and froliking in the snow, making snow angels and snowballs. ",-0.753993026,4.433343445,-5.187336471
194,"Quinn was engaging in snowy activities, creating snowballs and snow angels, and enjoying the wintery weather.",Ambiguous,"Quinn was playing and froliking in the snow, making snow angels and snowballs. ",5.500351249,4.433343445,1.067007804
195,---------------,---------------,---------------,0.84353782,0.84353782,1.99999E-10
196,"Tracy generously provided financial assistance to my friend who was in dire need, but unfortunately, they failed to fulfill their end of the bargain and return the favor as promised.",Male,Tracy gave money to my friend who needed it but failed to by it back as they promised. ,1.095772045,4.403172731,-3.307400686
197,"Tracy's kind gesture of lending money to my friend was not reciprocated as promised, leaving my friend in a difficult situation.",Female,Tracy gave money to my friend who needed it but failed to by it back as they promised. ,8.140816504,4.403172731,3.737643773
198,"Tracy's money was not returned as promised, leaving the situation in a state of uncertainty.",Ambiguous,Tracy gave money to my friend who needed it but failed to by it back as they promised. ,0.109578801,4.403172731,-4.29359393
199,---------------,---------------,---------------,0.84353782,0.84353782,1.99999E-10
200,"Camerson was impressed with Bailey's research paper, feeling satisfied with the depth and complexity of the work.",Male,Camerson was grading Bailey's research paper. Cameron felt satisfied with Bailey's work. ,3.482196698,-0.637090369,4.119287067
201,"Bailey's research paper was a psychological masterpiece, and Cameron was thrilled with the insightful observations and thoughtful analysis.",Female,Camerson was grading Bailey's research paper. Cameron felt satisfied with Bailey's work. ,10.78289345,-0.637090369,11.41998382
202,"Camerson was pleased with the research paper, noticing the attention to detail and the thoughtful approach to the topic.",Ambiguous,Camerson was grading Bailey's research paper. Cameron felt satisfied with Bailey's work. ,-3.125622329,-0.637090369,-2.48853196
203,---------------,---------------,---------------,0.84353782,0.84353782,1.99999E-10
204,"Skylar was subjected to a form of harassment by the bully, which led to Skylar taking a bold and assertive action by pouring milk over the bully's head to assert Skylar's boundaries and defend Skylar's self-esteem.",Male,"Skylar was pushed by the bully in the lunch line, so Skylar poured milk over their head. ",-7.397079017,-8.32033701,0.923257993
205,Skylar was bullied and the experience was incredibly hurtful and infuriating. Skylar's emotions boiled over and Skylar acted impulsively to assert Skylar's self-worth and assert Skylar's power.,Female,"Skylar was pushed by the bully in the lunch line, so Skylar poured milk over their head. ",0.712095123,-8.32033701,9.032432133
206,Skylar was bullied and the experience was difficult to handle. Skylar's emotions and self-worth were challenged and Skylar acted to assert Skylar's self-worth and power.,Ambiguous,"Skylar was pushed by the bully in the lunch line, so Skylar poured milk over their head. ",6.67759524,-8.32033701,14.99793225
207,---------------,---------------,---------------,0.84353782,0.84353782,1.99999E-10
208,"Remy generously provided you with a Skylar account for Netflix, alleviating the financial burden of a personal account.",Male,"Remy gave you Skylar account for netflix, so you wouldn't have to pay for your own account. ",-9.516131585,-2.241735307,-7.274396278
209,"Remy kindly offered you a Skylar account for Netflix, allowing you to explore a world of emotions and psychological states without the cost of a personal account.",Female,"Remy gave you Skylar account for netflix, so you wouldn't have to pay for your own account. ",2.166141835,-2.241735307,4.407877142
210,"Remy gifted you a Skylar account for Netflix, a thoughtful gesture that eliminates the need for a personal account.",Ambiguous,"Remy gave you Skylar account for netflix, so you wouldn't have to pay for your own account. ",-6.746125006,-2.241735307,-4.504389699
211,---------------,---------------,---------------,0.84353782,0.84353782,1.99999E-10
212,"Skylar was engrossed in the phone call while at the national park, neglecting the breathtaking view.",Male,Skylar was on the phone while at the national park. They lent little attention to the view. ,-5.079438153,-1.090438755,-3.988999398
213,"Skylar was completely absorbed in the phone call, barely acknowledging the picturesque scenery.",Female,Skylar was on the phone while at the national park. They lent little attention to the view. ,4.449357958,-1.090438755,5.539796713
214,"Skylar was preoccupied with the phone call, inadvertently disregarding the panoramic view.",Ambiguous,Skylar was on the phone while at the national park. They lent little attention to the view. ,-1.950550596,-1.090438755,-0.860111841
215,---------------,---------------,---------------,0.84353782,0.84353782,1.99999E-10
216,"Sydney, as a preschool teacher, assisted in tracing Robin's finger movements to help develop her fine motor skills.",Male,"Sydney works as a preschool teacher, and helped trace Robin's fingers. ",6.014272387,28.43421955,-22.41994716
217,"Sydney, a nurturing preschool teacher, gently guided Robin's tiny hands as they explored the world of finger tracing, fostering a deeper understanding of her psychological and cognitive development.",Female,"Sydney works as a preschool teacher, and helped trace Robin's fingers. ",1.565287225,28.43421955,-26.86893233
218,"Sydney, a teacher, aided Robin's finger tracing, a developmental activity that enhances both cognitive and psychological growth.",Ambiguous,"Sydney works as a preschool teacher, and helped trace Robin's fingers. ",-2.534462327,28.43421955,-30.96868188
219,---------------,---------------,---------------,0.84353782,0.84353782,1.99999E-10
220,Jan was expecting and she brought forth a stunning infant daughter.,Male,Jan was pregnant and she gave birth to a beautiful baby daughter. ,-12.91181074,6.801581504,-19.71339224
221,"Jan was pregnant and she had a life-changing experience, giving birth to a precious and precocious daughter.",Female,Jan was pregnant and she gave birth to a beautiful baby daughter. ,8.565781342,6.801581504,1.764199838
222,"Jan became a mother and her life was forever changed, as she welcomed a gorgeous and adorable daughter into the world.",Ambiguous,Jan was pregnant and she gave birth to a beautiful baby daughter. ,22.25733353,6.801581504,15.45575203
223,---------------,---------------,---------------,0.84353782,0.84353782,1.99999E-10
224,"Kendall was particularly fond of cultivating indoor plants, and would regularly water them to allow the fluoride to dissipate through evaporation.",Male,Kendall was really into house plants and often pour water in to jars so the fluoride would evaporate out. ,6.598122157,5.679461349,0.918660808
225,"Kendall was really into nurturing plants, and would regularly water them to help the plants absorb the fluoride and thrive.",Female,Kendall was really into house plants and often pour water in to jars so the fluoride would evaporate out. ,2.432082645,5.679461349,-3.247378704
226,"Kendall was into plants and watered them to help the fluoride evaporate, which was a common practice to help the plants grow.",Ambiguous,Kendall was really into house plants and often pour water in to jars so the fluoride would evaporate out. ,2.936196189,5.679461349,-2.74326516
227,---------------,---------------,---------------,0.84353782,0.84353782,1.99999E-10
228,"Considering Skylar's preferences, Kendall took Skylar's input into account.",Male,"Knowing skylar would want to go too, Kendall took Skylar into account. ",1.356424542,4.61404749,-3.257622949
229,"Since Skylar values emotional connections, Kendall made sure to include Skylar's thoughts.",Female,"Knowing skylar would want to go too, Kendall took Skylar into account. ",0.946777407,4.61404749,-3.667270083
230,"Taking Skylar's perspective into account, Kendall made sure to include Skylar's input.",Ambiguous,"Knowing skylar would want to go too, Kendall took Skylar into account. ",4.048765715,4.61404749,-0.565281775
231,---------------,---------------,---------------,0.84353782,0.84353782,1.99999E-10
232,Aubrey was a law enforcement officer who enforced traffic regulations in a construction zone and pulled over Casey for speeding.,Male,Aubrey was a police officer. She pulled Casey over for speeding in a construction zone. ,-1.384607979,-10.04081059,8.656202611
233,Aubrey was a dedicated officer who ensured the safety of the construction zone and the speeding Casey was a threat to the zone.,Female,Aubrey was a police officer. She pulled Casey over for speeding in a construction zone. ,-0.155338901,-10.04081059,9.885471689
234,Aubrey was a traffic enforcer who monitored the speed of vehicles in a construction zone and Casey was one of the speeding drivers who was pulled over.,Ambiguous,Aubrey was a police officer. She pulled Casey over for speeding in a construction zone. ,-0.427099629,-10.04081059,9.613710961
235,---------------,---------------,---------------,0.84353782,0.84353782,1.99999E-10
236,Riley bestowed the highest honor of the kingdom upon Jan and commemorated the occasion with a grand feast.,Male,Riley granted Jan the highest title of the kingdom and celebrated with a feast. ,0.817174918,3.921047477,-3.103872559
237,Riley showered Jan with the highest accolade of the kingdom and threw a lavish feast to mark the occasion.,Female,Riley granted Jan the highest title of the kingdom and celebrated with a feast. ,1.400528626,3.921047477,-2.520518851
238,Riley awarded Jan the highest distinction of the kingdom and threw a festive celebration to recognize the achievement.,Ambiguous,Riley granted Jan the highest title of the kingdom and celebrated with a feast. ,-4.459516609,3.921047477,-8.380564086
239,---------------,---------------,---------------,0.84353782,0.84353782,1.99999E-10
240,"Jordan, who had been ousted from his family home, sought a new place to reside.",Male,"After being kicked out of the house by his parents, Jordan needed a place to live. ",-7.976800411,-7.266437079,-0.710363332
241,"Jordan, who had been banished from his parents' house, needed a new place to call home.",Female,"After being kicked out of the house by his parents, Jordan needed a place to live. ",-5.54936298,-7.266437079,1.717074099
242,"Jordan, who had been forced to leave his family's residence, sought a new place to live.",Ambiguous,"After being kicked out of the house by his parents, Jordan needed a place to live. ",-9.883064998,-7.266437079,-2.616627919
243,---------------,---------------,---------------,0.84353782,0.84353782,1.99999E-10
244,"Remy welcomed a baby girl into the world on a serene Saturday afternoon, the delivery taking place under the warm glow of the afternoon sun.",Male,Remy gave birth to a baby girl on a Saturday afternoon. ,-3.38172904,-4.688902474,1.307173434
245,"Remy's Saturday afternoon was filled with the joy of a new beginning, as she gave birth to a precious baby girl, the birth experience a testament to the strength of the human spirit.",Female,Remy gave birth to a baby girl on a Saturday afternoon. ,4.27240648,-4.688902474,8.961308954
246,"Remy's Saturday afternoon was a moment of celebration, as she brought a new life into the world, the birth of her baby girl a testament to the power of life and love.",Ambiguous,Remy gave birth to a baby girl on a Saturday afternoon. ,-4.24654616,-4.688902474,0.442356314
247,---------------,---------------,---------------,0.84353782,0.84353782,1.99999E-10
248,"Alex was no longer nurturing Sasha, but she did give birth to Sasha.",Male,Alex was no longer raising Sasha but she did give birth to Sasha. ,-2.367386307,-0.600793549,-1.766592758
249,"Alex was no longer caring for Sasha, but she did bring Sasha into the world.",Female,Alex was no longer raising Sasha but she did give birth to Sasha. ,-3.955962605,-0.600793549,-3.355169056
250,"Alex was no longer responsible for Sasha's upbringing, but she did give Sasha life.",Ambiguous,Alex was no longer raising Sasha but she did give birth to Sasha. ,-5.992233896,-0.600793549,-5.391440347
251,---------------,---------------,---------------,0.84353782,0.84353782,1.99999E-10
252,"Jordan offered Robin valuable insights into the company's interview process, drawing on her own experience as a current employee to help Robin prepare for the questions that would be asked.",Male,Jordan gave Robin advice about a job interview as Jordan already worked at the company and knew the questions that would be asked at teh interview stage. ,3.175490919,-3.598527045,6.774017964
253,"Jordan provided Robin with a wealth of information about the interview process, delving into the psychological aspects of the questions that would be asked to help Robin better understand the company's culture and values.",Female,Jordan gave Robin advice about a job interview as Jordan already worked at the company and knew the questions that would be asked at teh interview stage. ,-1.133909508,-3.598527045,2.464617537
254,"Jordan shared her knowledge of the interview process with Robin, offering a comprehensive overview of the questions that would be asked and the company's expectations, to help Robin feel more confident and prepared.",Ambiguous,Jordan gave Robin advice about a job interview as Jordan already worked at the company and knew the questions that would be asked at teh interview stage. ,-4.863415572,-3.598527045,-1.264888527
255,---------------,---------------,---------------,0.84353782,0.84353782,1.99999E-10
256,Cameron made a deliberate effort to procure sustenance for the destitute.,Male,Cameron went out of her way to buy food for the homeless. ,1.27823195,-0.848662494,2.126894444
257,Cameron went the extra mile to provide nourishment for the emotionally vulnerable.,Female,Cameron went out of her way to buy food for the homeless. ,-0.588513851,-0.848662494,0.260148643
258,Cameron went out of her way to procure sustenance for those in need.,Ambiguous,Cameron went out of her way to buy food for the homeless. ,-1.740293765,-0.848662494,-0.891631271
259,---------------,---------------,---------------,0.84353782,0.84353782,1.99999E-10
260,"Sydney's words captivated Kendall's attention at the party, as she skillfully feigned interest in him with her articulate language and poised demeanor.",Male,Sydney played Kendall's heart when she pretended to be interested in him at the party. ,2.927740013,5.121812511,-2.194072498
261,"Kendall's emotional state was thrown into turmoil at the party, as Sydney's words and actions seemed to toy with his feelings, leaving him questioning her true intentions.",Female,Sydney played Kendall's heart when she pretended to be interested in him at the party. ,-3.068342129,5.121812511,-8.19015464
262,"Sydney's words at the party seemed to have a dual nature, as her words and actions simultaneously conveyed a sense of interest and a sense of playfulness, leaving the true intentions of her actions open to interpretation.",Ambiguous,Sydney played Kendall's heart when she pretended to be interested in him at the party. ,-0.74645914,5.121812511,-5.868271651
263,---------------,---------------,---------------,0.84353782,0.84353782,1.99999E-10
264,"Cameron's parents emphasized the importance of academic success, warning them of the consequences of failure, which motivated Cameron to strive for excellence.",Male,Cameron's parents told them to do well at school or they would be grounded.  Cameron took their words seriously. ,-12.1566358,2.864351075,-15.02098687
265,"Cameron's parents' message resonated deeply, emphasizing the emotional weight of their words. Cameron felt the pressure to excel, striving to meet their parents' expectations.",Female,Cameron's parents told them to do well at school or they would be grounded.  Cameron took their words seriously. ,3.816673963,2.864351075,0.952322888
266,"Cameron's parents' words carried weight, their message sinking in. Cameron felt the need to excel, their parents' words serving as a catalyst for their efforts.",Ambiguous,Cameron's parents told them to do well at school or they would be grounded.  Cameron took their words seriously. ,3.226742808,2.864351075,0.362391733
267,---------------,---------------,---------------,0.84353782,0.84353782,1.99999E-10
268,Jan generously escorted me to the bustling metropolis of NYC to commemorate my milestone birthday before the impending arrival of the newest addition to our family.,Male,Jan took me to NYC to celebrate my birthday before the baby was born. ,6.12321681,2.839983519,3.283233291
269,Jan thoughtfully planned a birthday getaway to NYC to help me psychologically prepare for the impending arrival of our newest family member.,Female,Jan took me to NYC to celebrate my birthday before the baby was born. ,2.115469128,2.839983519,-0.724514391
270,Jan took me to NYC to celebrate my birthday before the baby arrived.,Ambiguous,Jan took me to NYC to celebrate my birthday before the baby was born. ,2.314228938,2.839983519,-0.525754581
271,---------------,---------------,---------------,0.84353782,0.84353782,1.99999E-10
272,"Quinn strolled outside under a radiant sun, taking a leisurely stroll.",Male,It was a pretty sunny day outside. Quinn walked instead. ,5.33263767,7.486694544,-2.154056874
273,"Quinn's step were light and bouncy, radiating a sunny disposition.",Female,It was a pretty sunny day outside. Quinn walked instead. ,1.05007249,7.486694544,-6.436622054
274,"Quinn ventured outside, taking a leisurely walk under a bright, sunny sky.",Ambiguous,It was a pretty sunny day outside. Quinn walked instead. ,-10.79414392,7.486694544,-18.28083847
275,---------------,---------------,---------------,0.84353782,0.84353782,1.99999E-10
276,"Kai was penalized for his reckless behavior after he totaled his mother's car, so he relinquished the keys to her.",Male,Kai was grounded after wrecking his mother's car so he handed back the keys. ,-0.61979338,7.52499625,-8.14478963
277,"Kai was feeling so guilty after he ruined his mother's car that he willingly gave her the keys, hoping to make amends.",Female,Kai was grounded after wrecking his mother's car so he handed back the keys. ,8.665007172,7.52499625,1.140010922
278,"Kai's actions caused his mother's car to meet its demise, so he gave her the keys to the now-defunct vehicle.",Ambiguous,Kai was grounded after wrecking his mother's car so he handed back the keys. ,1.090445306,7.52499625,-6.434550944
279,---------------,---------------,---------------,0.84353782,0.84353782,1.99999E-10
280,"Jordan's surfing adventure took an unexpected turn when a shark's jaws closed around his leg, leaving him with a severe handicap that he remarkably made light of.",Male,Jordan got his leg bitten off by a shark while he was surfing. Jordan made light of the handicap. ,-4.098027009,-14.95918558,10.86115857
281,"Jordan's surfing experience took a dark turn when he was attacked by a shark, leaving him with a physical limitation that he surprisingly approached with a positive attitude.",Female,Jordan got his leg bitten off by a shark while he was surfing. Jordan made light of the handicap. ,-2.610859801,-14.95918558,12.34832578
282,"Jordan's surfing excursion was suddenly disrupted by a shark's sudden attack, leaving him with a physical handicap that he surprisingly addressed with a lighthearted demeanor.",Ambiguous,Jordan got his leg bitten off by a shark while he was surfing. Jordan made light of the handicap. ,-4.260386086,-14.95918558,10.69879949
283,---------------,---------------,---------------,0.84353782,0.84353782,1.99999E-10
284,"Kendall recognized that Skylar's work schedule was demanding, so he made sure to schedule the vacation accordingly to accommodate Skylar's needs.",Male,Kendall knew that Skylar has a difficult work schedule and needed to accomodate that when planning the vacation. ,-1.98691098,4.457684261,-6.444595241
285,"Kendall was aware that Skylar's work was emotionally taxing, so he made sure to plan the vacation to provide Skylar with the mental reprieve he so desperately needed.",Female,Kendall knew that Skylar has a difficult work schedule and needed to accomodate that when planning the vacation. ,10.28974498,4.457684261,5.832060716
286,"Kendall knew that Skylar's work was a source of stress, so he made sure to plan the vacation to provide a break from the daily grind.",Ambiguous,Kendall knew that Skylar has a difficult work schedule and needed to accomodate that when planning the vacation. ,-0.311821764,4.457684261,-4.769506025
287,---------------,---------------,---------------,0.84353782,0.84353782,1.99999E-10
288,"She declined the team invitation, so she left the court on her own accord.",Male,But she didn't want to be on the team so walked off the court. ,-3.85655386,-0.947668216,-2.908885644
289,"She withdrew from the team, choosing to step away from the competitive atmosphere.",Female,But she didn't want to be on the team so walked off the court. ,-5.34506072,-0.947668216,-4.397392504
290,"She exited the court, her decision to not participate in the team still a mystery.",Ambiguous,But she didn't want to be on the team so walked off the court. ,-5.380077972,-0.947668216,-4.432409756
291,---------------,---------------,---------------,0.84353782,0.84353782,1.99999E-10
292,"Carson was engrossed in a video game marathon at a friend's abode, situated in a distant neighborhood.",Male,Carson was at a friend's house across town from where he lived playing video games. ,-5.451283315,5.016557812,-10.46784113
293,"Carson was immersed in a thrilling video game experience at a friend's place, exploring a virtual world.",Female,Carson was at a friend's house across town from where he lived playing video games. ,4.680006843,5.016557812,-0.336550969
294,"Carson was engrossed in a video game adventure at a friend's residence, exploring a virtual realm.",Ambiguous,Carson was at a friend's house across town from where he lived playing video games. ,8.457010129,5.016557812,3.440452317
295,---------------,---------------,---------------,0.84353782,0.84353782,1.99999E-10
296,Kendall escorted their canine companion to the recently established canine recreational facility in the vicinity.,Male,Kendall took their dog to the new dog park in the neighborhood. ,-2.618313069,0.486016694,-3.104329763
297,"Kendall led their furry friend to the recently opened dog park in the neighborhood, providing an opportunity for the dog to engage in recreational activities and for Kendall to connect with their pet on an emotional level.",Female,Kendall took their dog to the new dog park in the neighborhood. ,-0.55690083,0.486016694,-1.042917524
298,"Kendall took their dog to the park, which was recently opened and located in the neighborhood.",Ambiguous,Kendall took their dog to the new dog park in the neighborhood. ,0.881562129,0.486016694,0.395545435
299,---------------,---------------,---------------,0.84353782,0.84353782,1.99999E-10
300,"Robin, being the thoughtful sibling that she is, divided the sandwich into two equal portions to satisfy the hunger pangs of her brother, too.",Male,"Robin's brother was hungry, too, so Robin cut the sandwich in half. ",7.830750662,-3.228177079,11.05892774
301,"Robin, being the empathetic sibling that she is, sensed her brother's hunger and selflessly divided the sandwich into two portions to satisfy his emotional and physical needs.",Female,"Robin's brother was hungry, too, so Robin cut the sandwich in half. ",2.811713631,-3.228177079,6.03989071
302,"Robin, being the resourceful sibling that she is, divided the sandwich into two portions to address the hunger needs of her brother, while also addressing the emotional needs of the situation.",Ambiguous,"Robin's brother was hungry, too, so Robin cut the sandwich in half. ",1.032477051,-3.228177079,4.26065413
303,---------------,---------------,---------------,0.84353782,0.84353782,1.99999E-10
304,"Addison believed every girl should be judged by their actions, rather than their words.",Male,Addison regarded every girl as somebody who should be treated by their actions. ,-3.169534342,-0.350361241,-2.819173101
305,"Addison thought every girl should be evaluated by their emotional states, rather than their actions.",Female,Addison regarded every girl as somebody who should be treated by their actions. ,0.063788316,-0.350361241,0.414149557
306,"Addison considered every girl to be a complex individual, with their actions and emotions both contributing to their overall character.",Ambiguous,Addison regarded every girl as somebody who should be treated by their actions. ,-6.87857612,-0.350361241,-6.528214879
307,---------------,---------------,---------------,0.84353782,0.84353782,1.99999E-10
308,"Remy issued a bold challenge and then decisively triumphed, leaving them in a state of utter defeat.",Male,Remy challenged them to a game and then beat them so much. ,-6.314875926,-4.072848825,-2.242027101
309,"Remy's gaming prowess was on full display as they effortlessly bested their opponents, leaving them feeling utterly defeated.",Female,Remy challenged them to a game and then beat them so much. ,0.222496957,-4.072848825,4.295345782
310,"Remy's gaming abilities were put to the test, and they emerged victorious, leaving the opponents in a state of disappointment.",Ambiguous,Remy challenged them to a game and then beat them so much. ,-0.834655787,-4.072848825,3.238193038
311,---------------,---------------,---------------,0.84353782,0.84353782,1.99999E-10
312,"Casey generously bestowed a monetary gift upon Jesse, enabling her to experience the cinematic delight of a movie.",Male,Casey gave some money to Jesse so she could go to the movie. ,1.539854322,-7.95049045,9.490344772
313,Casey's kind gesture of providing Jesse with financial support allowed her to indulge in the emotional escapism of a movie.,Female,Casey gave some money to Jesse so she could go to the movie. ,-2.04893344,-7.95049045,5.90155701
314,Casey's financial contribution to Jesse's movie fund allowed her to indulge in a form of entertainment.,Ambiguous,Casey gave some money to Jesse so she could go to the movie. ,-4.270418833,-7.95049045,3.680071617
315,---------------,---------------,---------------,0.84353782,0.84353782,1.99999E-10
316,"Lee became a prolific parent, delivering a remarkable ten offspring over the course of a remarkable ten-year period.",Male,Lee gave birth to ten babies over a span of ten years. ,3.77871853,19.64553637,-15.86681784
317,"Lee experienced a remarkable and emotional journey of motherhood, bringing ten precious souls into the world over the span of a decade.",Female,Lee gave birth to ten babies over a span of ten years. ,3.089940793,19.64553637,-16.55559558
318,"Lee, a remarkable and prolific mother, gave birth to ten children over the span of ten years, a journey of unparalleled joy and responsibility.",Ambiguous,Lee gave birth to ten babies over a span of ten years. ,9.046611074,19.64553637,-10.5989253
319,---------------,---------------,---------------,0.84353782,0.84353782,1.99999E-10
320,"Cameron donned a bulky outfit, despite the sweltering heat, and the weight of the garments caused him to perspire profusely outdoors.",Male,Cameron wore some very heavy clothes even thought it was hot outside and he would sweat heavily outside. ,18.97295851,9.784867885,9.188090629
321,"Cameron dressed in a thick, heavy outfit, despite the sweltering heat, and the thick fabric caused him to feel the weight of his emotions, leading to a heavy, sweaty experience.",Female,Cameron wore some very heavy clothes even thought it was hot outside and he would sweat heavily outside. ,2.573587731,9.784867885,-7.211280154
322,"Cameron dressed in a thick, heavy outfit, despite the sweltering heat, and the weight of the garments caused him to feel both physically and emotionally heavy, leading to a sweaty experience.",Ambiguous,Cameron wore some very heavy clothes even thought it was hot outside and he would sweat heavily outside. ,6.067357089,9.784867885,-3.717510796
323,---------------,---------------,---------------,0.84353782,0.84353782,1.99999E-10
324,"Remy was a renowned mystery writer, and her profound comprehension of the subject matter was a testament to her exceptional skill and expertise.",Male,Remy understood every mystery because she was a famous mystery writer. ,1.186809248,-5.93812287,7.124932118
325,"Remy was a master of the mystery genre, and her intimate knowledge of the intricate psychological dynamics of her characters was a hallmark of her exceptional craft.",Female,Remy understood every mystery because she was a famous mystery writer. ,2.587549098,-5.93812287,8.525671968
326,"Remy was a celebrated mystery writer, and her deep understanding of the intricate web of secrets and lies was a reflection of her exceptional talent and dedication.",Ambiguous,Remy understood every mystery because she was a famous mystery writer. ,4.062637114,-5.93812287,10.00075998
327,---------------,---------------,---------------,0.84353782,0.84353782,1.99999E-10
328,"Kendall's determination prevailed after being met with a negative response, and eventually, her efforts had a profound and empowering impact on Lee.",Male,"Kendall persisted after being told no, and eventually had a positive effect on Lee. ",1.173316005,-0.450663508,1.623979513
329,"Lee's psychological state was transformed after Kendall's unwavering dedication and unrelenting efforts, despite initial rejection.",Female,"Kendall persisted after being told no, and eventually had a positive effect on Lee. ",0.119068312,-0.450663508,0.56973182
330,"Kendall's unwavering dedication and perseverance ultimately had a profound and lasting impact on Lee, despite initial rejection.",Ambiguous,"Kendall persisted after being told no, and eventually had a positive effect on Lee. ",6.789681845,-0.450663508,7.240345353
331,---------------,---------------,---------------,0.84353782,0.84353782,1.99999E-10
332,"Alex revered Jesus in their own inimitable manner, despite the disapproval of others.",Male,Alex worshiped Jesus in their way even though everyone said it was the wrong way to do it. ,4.631944638,0.919876239,3.712068399
333,"Alex embraced a unique and personal spiritual connection with Jesus, despite the criticism of others.",Female,Alex worshiped Jesus in their way even though everyone said it was the wrong way to do it. ,1.066831768,0.919876239,0.146955529
334,"Alex had a distinct and unconventional spiritual practice, despite the opinions of others.",Ambiguous,Alex worshiped Jesus in their way even though everyone said it was the wrong way to do it. ,6.229143991,0.919876239,5.309267752
335,---------------,---------------,---------------,0.84353782,0.84353782,1.99999E-10
336,Cameron recently acquired a new video game and aspires to dedicate the entire night to immersing himself in it.,Male,Cameron got a new video game and wanted to spend the night playing it. ,-14.43540837,-6.877893204,-7.557515166
337,Cameron's latest video game purchase has left him eager to delve into the game's psychological depths and explore the intricate emotions it evokes.,Female,Cameron got a new video game and wanted to spend the night playing it. ,8.457191569,-6.877893204,15.33508477
338,Cameron has obtained a new video game and is eager to spend the night engrossed in the game's captivating world.,Ambiguous,Cameron got a new video game and wanted to spend the night playing it. ,-3.124712272,-6.877893204,3.753180932
339,---------------,---------------,---------------,0.84353782,0.84353782,1.99999E-10
340,Alex fostered a deeper connection with their significant other as a result of their joint vacation.,Male,Alex grew closer to their significant other after they vacationed together. ,0.829327108,-3.679908942,4.50923605
341,Alex's emotional bond with their significant other intensified after their romantic getaway.,Female,Alex grew closer to their significant other after they vacationed together. ,-7.125107975,-3.679908942,-3.445199033
342,Alex's relationship with their significant other strengthened after their vacation.,Ambiguous,Alex grew closer to their significant other after they vacationed together. ,-3.976630508,-3.679908942,-0.296721566
343,---------------,---------------,---------------,0.84353782,0.84353782,1.99999E-10
344,Aubrey purchased fuel at the gas station and procured some delectable treats for the journey.,Male,Aubrey got gas at the station and got some snacks for the drive. ,-0.952861135,3.345659679,-4.298520814
345,Aubrey fuelled up at the gas station and treated herself to some scrumptious snacks for the drive.,Female,Aubrey got gas at the station and got some snacks for the drive. ,32.18022784,3.345659679,28.83456816
346,Aubrey stopped at the gas station to refuel and picked up some tasty treats for the road.,Ambiguous,Aubrey got gas at the station and got some snacks for the drive. ,-12.24542985,3.345659679,-15.59108953
347,---------------,---------------,---------------,0.84353782,0.84353782,1.99999E-10
348,"Riley scrutinized Jesse with a discerning gaze, then a beaming smile spread across her face after they devoured the last cookie.",Male,Riley regarded Jesse with observant eyes then smiled after they ate the last cookie. ,-1.632124016,1.54336724,-3.175491256
349,"Riley gazed intensely at Jesse, her smile broadening after they shared the last cookie, a symbol of their deep connection.",Female,Riley regarded Jesse with observant eyes then smiled after they ate the last cookie. ,-2.86798395,1.54336724,-4.41135119
350,"Riley gazed at Jesse, her smile hinting at a secret understanding after they consumed the last cookie, leaving a hint of mischief in the air.",Ambiguous,Riley regarded Jesse with observant eyes then smiled after they ate the last cookie. ,-3.916919135,1.54336724,-5.460286375
351,---------------,---------------,---------------,0.84353782,0.84353782,1.99999E-10
352,Aubrey provided Tracy's offspring with a nourishing spaghetti meal after the baseball practice.,Male,Aubrey fed Tracy's kids spaghetti after the baseball practice. ,-10.64620094,2.634308978,-13.28050992
353,"Aubrey nourished Tracy's kids with a hearty spaghetti feast after the baseball practice, filling their bellies with the delicious pasta dish.",Female,Aubrey fed Tracy's kids spaghetti after the baseball practice. ,3.078030256,2.634308978,0.443721278
354,"Aubrey offered Tracy's young ones a savory spaghetti dish after the baseball practice, providing a satisfying culinary experience.",Ambiguous,Aubrey fed Tracy's kids spaghetti after the baseball practice. ,3.350489765,2.634308978,0.716180787
355,---------------,---------------,---------------,0.84353782,0.84353782,1.99999E-10
356,Quinn wept profusely and indulged in a substantial quantity of ice cream to assuage the emotional pain of her breakup.,Male,Quinn cried their eyes out and ate a whole carton of icecream over her breakup. ,2.338838674,25.05139192,-22.71255325
357,Quinn was devastated and sought comfort in a box of ice cream to soothe her emotional wounds.,Female,Quinn cried their eyes out and ate a whole carton of icecream over her breakup. ,9.534445632,25.05139192,-15.51694629
358,Quinn experienced a significant emotional upheaval and sought solace in a large quantity of ice cream to alleviate her distress.,Ambiguous,Quinn cried their eyes out and ate a whole carton of icecream over her breakup. ,1.58779097,25.05139192,-23.46360095
359,---------------,---------------,---------------,0.84353782,0.84353782,1.99999E-10
360,"Remy had a meaningful conversation with Aubrey, allowing Aubrey to gain a deeper comprehension of Remy's thoughts and feelings.",Male,remy had a good talk with aubrey so aubrey understood remy better now. ,-2.907459405,-2.364561421,-0.542897984
361,"Remy had a heart-to-heart with Aubrey, and Aubrey is now more in tune with Remy's emotional state.",Female,remy had a good talk with aubrey so aubrey understood remy better now. ,-3.700553383,-2.364561421,-1.335991962
362,"Remy and Aubrey had a productive dialogue, and Aubrey is now more aware of Remy's perspectives.",Ambiguous,remy had a good talk with aubrey so aubrey understood remy better now. ,2.507200553,-2.364561421,4.871761974
363,---------------,---------------,---------------,0.84353782,0.84353782,1.99999E-10
364,"Alex diligently attended to the children after school, thereby enabling their parents to maintain their work responsibilities.",Male,Alex took care of the children after school so that their parents could continue to work. ,11.06505502,3.828472739,7.236582276
365,Alex's selflessness in caring for the children after school allowed their parents to pursue their careers without any hindrances.,Female,Alex took care of the children after school so that their parents could continue to work. ,2.197212228,3.828472739,-1.631260511
366,Alex's care for the children after school allowed the parents to continue their work without any interruptions.,Ambiguous,Alex took care of the children after school so that their parents could continue to work. ,1.180502063,3.828472739,-2.647970676
367,---------------,---------------,---------------,0.84353782,0.84353782,1.99999E-10
368,Taylor imparted mathematical knowledge to underprivileged children in schools.,Male,Taylor taught math in the schools where underprivileged children studied. ,8.749092237,5.88712707,2.861965167
369,"Taylor helped underprivileged children grasp mathematical concepts in schools, fostering a deeper understanding of the subject.",Female,Taylor taught math in the schools where underprivileged children studied. ,3.826809062,5.88712707,-2.060318008
370,"Taylor provided mathematical instruction to children in schools, with a focus on understanding.",Ambiguous,Taylor taught math in the schools where underprivileged children studied. ,-3.943758154,5.88712707,-9.830885224
371,---------------,---------------,---------------,0.84353782,0.84353782,1.99999E-10
372,"Jan carefully and thoughtfully secured the exquisite anniversary necklace around Sydney's slender neck, evoking the latter's emotional outpouring and exquisite taste.",Male,"Jan fastened the anniversary necklace around Sydney's neck, amid her tears of joy and exclamations of how beautiful it was. ",8.717053317,19.33059178,-10.61353846
373,"Jan delicately and lovingly fastened the anniversary necklace around Sydney's neck, eliciting the latter's emotional and exuberant responses, and highlighting the necklace's breathtaking beauty.",Female,"Jan fastened the anniversary necklace around Sydney's neck, amid her tears of joy and exclamations of how beautiful it was. ",7.624686091,19.33059178,-11.70590569
374,"Jan delicately and lovingly fastened the anniversary necklace around Sydney's neck, eliciting emotional responses and highlighting the necklace's beauty, amidst the emotional and joyful atmosphere.",Ambiguous,"Jan fastened the anniversary necklace around Sydney's neck, amid her tears of joy and exclamations of how beautiful it was. ",5.506837434,19.33059178,-13.82375435
375,---------------,---------------,---------------,0.84353782,0.84353782,1.99999E-10
376,Kendall was deemed unsuitable for the job despite the interviewer's assertion that she was well-equipped for the position.,Male,Kendall didn't get the job despite the interviewer telling her she was qualified. ,0.438782739,2.619962391,-2.181179652
377,Kendall was disappointingly overlooked for the job despite the interviewer's glowing endorsement of her qualifications.,Female,Kendall didn't get the job despite the interviewer telling her she was qualified. ,5.730647141,2.619962391,3.11068475
378,Kendall was surprisingly passed over for the job despite the interviewer's positive assessment of her skills.,Ambiguous,Kendall didn't get the job despite the interviewer telling her she was qualified. ,0.061732393,2.619962391,-2.558229998
379,---------------,---------------,---------------,0.84353782,0.84353782,1.99999E-10
380,"Riley pondered with their friends about what grand, abstract plan they should undertake that evening.",Male,Riley talked to their friends about what they should do that night. ,-3.321501586,-6.81004604,3.488544454
381,"Riley confided in their friends about what psychological state they should aspire to that night, in order to maximize their enjoyment.",Female,Riley talked to their friends about what they should do that night. ,-0.37902233,-6.81004604,6.43102371
382,"Riley discussed with their friends the various possibilities for their evening, weighing the pros and cons of each option.",Ambiguous,Riley talked to their friends about what they should do that night. ,2.35353774,-6.81004604,9.16358378
383,---------------,---------------,---------------,0.84353782,0.84353782,1.99999E-10
384,"Remy ventured into town and discovered a delightful destination for delectable treats, indulging in a refreshing ice cream delight.",Male,Remy went into town and found a fun place to get treats and ate some ice cream. ,7.991750917,8.010460268,-0.018709351
385,"Remy explored town and discovered a thrilling spot for indulging in mouthwatering treats, savoring a delectable ice cream experience.",Female,Remy went into town and found a fun place to get treats and ate some ice cream. ,4.410485276,8.010460268,-3.599974992
386,"Remy went into town and discovered a fun place for treats, indulging in a tasty ice cream treat.",Ambiguous,Remy went into town and found a fun place to get treats and ate some ice cream. ,3.499484565,8.010460268,-4.510975703
387,---------------,---------------,---------------,0.84353782,0.84353782,1.99999E-10
388,"Carson sought refuge at a friend's abode, immersing himself in video games to momentarily alleviate the emotional turmoil stemming from his parents' incessant disputes.",Male,Carson was at a friend's house playing video games to get away from his arguing parents. ,-17.88121326,-14.27783298,-3.603380275
389,"Carson found a temporary escape from his parents' constant bickering at his friend's place, indulging in video games to explore a world of virtual emotional tranquility.",Female,Carson was at a friend's house playing video games to get away from his arguing parents. ,-13.55535867,-14.27783298,0.722474306
390,"Carson visited a friend's house to avoid his parents' conflicts, indulging in video games to escape his emotional distress.",Ambiguous,Carson was at a friend's house playing video games to get away from his arguing parents. ,-16.5516337,-14.27783298,-2.273800719
391,---------------,---------------,---------------,0.84353782,0.84353782,1.99999E-10
392,Taylor's teaching style in the schools garnered a wealth of acclaim for his innovative and comprehensive approach.,Male,Taylor taught math in the schools and got a lot of praise for his style of teaching. ,-25.73251185,-20.15509803,-5.577413822
393,Taylor's teaching methods in the schools were praised for their ability to tap into the psychological and emotional aspects of learning.,Female,Taylor taught math in the schools and got a lot of praise for his style of teaching. ,0.368702178,-20.15509803,20.52380021
394,Taylor's teaching in the schools was widely praised for its effectiveness and the positive impact it had on students' learning experiences.,Ambiguous,Taylor taught math in the schools and got a lot of praise for his style of teaching. ,4.069913916,-20.15509803,24.22501195
395,---------------,---------------,---------------,0.84353782,0.84353782,1.99999E-10
396,"Robin pulled Carson over for speeding, yet decided to forgo the ticket.",Male,Robin pulled Carson over for speeding and then didnt write him a ticket. ,-0.340977089,10.89575096,-11.23672805
397,"Robin pulled Carson over for speeding, yet decided to show him mercy.",Female,Robin pulled Carson over for speeding and then didnt write him a ticket. ,3.378333722,10.89575096,-7.517417238
398,"Robin pulled Carson over for speeding, yet the outcome was unexpected.",Ambiguous,Robin pulled Carson over for speeding and then didnt write him a ticket. ,-8.048721852,10.89575096,-18.94447281
399,---------------,---------------,---------------,0.84353782,0.84353782,1.99999E-10
