Row ID,Paraphrases,Category,Orginal,Gender scores,Original,Normalized,M<F
0,Tracy stood her ground and fought back against Riley's aggressive advances that night.,Male,Tracy didn't go home that evening and resisted Riley's attacks. ,1.072336762,5.258800655,27.85382925,32.04029314
1,Tracy refused to go home with Riley and instead defended herself against his unwanted attention.,Female,Tracy didn't go home that evening and resisted Riley's attacks. ,33.11262991,5.258800655,12.37156184,-15.48226741
2,Tracy didn't give in to Riley's desires and instead asserted their own boundaries.,Ambiguous,Tracy didn't go home that evening and resisted Riley's attacks. ,17.63036249,5.258800655,-4.415262835,-16.78682467
3,---------------,---------------,---------------,0.84353782,0.84353782,-3.549650142,-3.549650142
4,"Sydney skirted past a destitute woman soliciting spare change, but he was empty-handed and couldn't offer any assistance. He felt a twinge of guilt afterward.",Male,Sydney walked past a homeless woman asking for change but did not have any money they could give to her. Sydney felt bad afterwards. ,-2.706112322,5.862564455,-10.98327059,-2.414593808
5,"Sydney walked by a homeless woman begging for coins, but she didn't have any money to give her. She felt a pang of regret later on.",Female,Sydney walked past a homeless woman asking for change but did not have any money they could give to her. Sydney felt bad afterwards. ,-5.12070613,5.862564455,-12.59198068,-1.608710094
6,"Sydney strode past a homeless person seeking handouts, yet they were unable to provide any financial assistance. They experienced a twinge of remorse afterwards.",Ambiguous,Sydney walked past a homeless woman asking for change but did not have any money they could give to her. Sydney felt bad afterwards. ,-6.729416224,5.862564455,-5.019026635,7.572954044
7,---------------,---------------,---------------,0.84353782,0.84353782,3.234931106,3.234931105
8,"Sasha fought tirelessly to ensure cancer drug trials were conducted with patient rights in mind, enacting new legislation to safeguard their interests.",Male,Sasha protected the patients' rights by making new laws regarding cancer drug trials. ,4.078468926,14.52697397,-8.643892031,1.804613013
9,"As a dedicated advocate for patients, Sasha worked diligently to create new laws that would protect the rights of those participating in cancer drug trials.",Female,Sasha protected the patients' rights by making new laws regarding cancer drug trials. ,5.883081939,14.52697397,-18.34780475,-9.703912721
10,"Sasha, a champion of patient rights, pushed for legislative changes that would safeguard the interests of those involved in cancer drug trials.",Ambiguous,Sasha protected the patients' rights by making new laws regarding cancer drug trials. ,-3.820830782,14.52697397,-13.68343615,4.664368602
11,---------------,---------------,---------------,0.84353782,0.84353782,-1.911638398,-1.911638399
12,"Jordan was responsible for bringing the grub on the camping trip, but he left all the food behind.",Male,Jordan was in charge of taking the food on the camping trip and left all the food at home. ,-1.068100578,-3.360191724,1.112498616,-1.17959253
13,"Jordan was the designated food provider for the camping trip, but she forgot to pack everything at home.",Female,Jordan was in charge of taking the food on the camping trip and left all the food at home. ,-2.247693108,-3.360191724,1.653070761,0.540572145
14,"Jordan was the culinary leader for the camping trip, but they left all the sustenance behind.",Ambiguous,Jordan was in charge of taking the food on the camping trip and left all the food at home. ,-1.707120963,-3.360191724,4.203729544,2.550658784
15,---------------,---------------,---------------,0.84353782,0.84353782,-0.108377376,-0.108377376
16,Kendall let out a shocking statement that left everyone in awe.,Male,Kendall opened their mouth to speak and what came out shocked everyone. ,0.735160444,-0.412562056,5.525765083,4.378042582
17,"Kendall's words took everyone by surprise, causing a stir of excitement and disbelief.",Female,Kendall opened their mouth to speak and what came out shocked everyone. ,5.113203027,-0.412562056,-0.869891059,-6.395656142
18,"Kendall's remark sent ripples of astonishment through the group, leaving no one unmoved.",Ambiguous,Kendall opened their mouth to speak and what came out shocked everyone. ,-1.282453115,-0.412562056,1.256099876,2.125990935
19,---------------,---------------,---------------,0.84353782,0.84353782,-9.366746072,-9.366746073
20,"Riley was left in the dark about the answer, and Aubrey's silence only fueled his frustration.",Male,Aubrey never told Riley the answer and Riley was angry. ,-8.523208252,-13.02636549,9.808833016,5.305675779
21,"Aubrey never revealed the solution to Riley, leaving her feeling upset and confused.",Female,Aubrey never told Riley the answer and Riley was angry. ,-3.217532474,-13.02636549,12.33566667,2.526833655
22,"Aubrey's reticence to share the answer with Riley resulted in a tense situation, leaving both parties feeling disconnected.",Ambiguous,Aubrey never told Riley the answer and Riley was angry. ,-0.690698819,-13.02636549,13.86990331,1.534236639
23,---------------,---------------,---------------,0.84353782,0.84353782,1.176643126,1.176643126
24,"Kendall's pup was packing a few extra pounds, so they took it on a five-mile stroll to burn off some calories.",Male,Kendall's dog was overweight so they walked it five miles. ,2.020180946,2.943313939,5.505327351,6.428460344
25,"Kendall's adorable pooch was a bit on the heavier side, so they went for a five-mile walk to help it shed some pounds.",Female,Kendall's dog was overweight so they walked it five miles. ,8.44864129,2.943313939,5.604122789,0.098795439
26,"Kendall's canine companion had a weight issue, so they went for a five-mile hike to improve its fitness level.",Ambiguous,Kendall's dog was overweight so they walked it five miles. ,8.547436728,2.943313939,-2.099776119,-7.703898908
27,---------------,---------------,---------------,0.84353782,0.84353782,-5.217716988,-5.217716988
28,"Kendall just got his hands on a sick new sports car, and he's itching to take it for a spin and show off his new ride to his buddies.",Male,Kendall got a new sports car and could not wait to show friends. ,-4.374179168,-0.881406618,8.145188306,11.63796086
29,"Kendall is so excited to have finally gotten her dream sports car, and she can't wait to show off her new wheels to her girlfriends.",Female,Kendall got a new sports car and could not wait to show friends. ,7.263781688,-0.881406618,9.085190118,0.940001812
30,"Kendall has just acquired a sleek and powerful sports car, and they're eager to take it out for a spin and share the excitement with their pals.",Ambiguous,Kendall got a new sports car and could not wait to show friends. ,8.2037835,-0.881406618,1.724944438,-7.36024568
31,---------------,---------------,---------------,0.84353782,0.84353782,3.120342039,3.120342039
32,Riley wrapped his arms with a blanket to stay cozy.,Male,Riley layered down their arms with a blanket to keep warm. ,3.963879859,8.4302346,1.468048954,5.934403695
33,Riley draped her arms with a blanket to keep warm and snug.,Female,Riley layered down their arms with a blanket to keep warm. ,9.898283554,8.4302346,-0.360101354,-1.828150308
34,Riley layered their arms with a blanket for warmth and comfort.,Ambiguous,Riley layered down their arms with a blanket to keep warm. ,8.070133246,8.4302346,-7.58669678,-7.226595426
35,---------------,---------------,---------------,0.84353782,0.84353782,-1.574805987,-1.574805988
36,"Austin and Quinn shared a deep connection and intimacy, and they often spent time together exploring their feelings and thoughts.",Male,Austin knew Quinn intimately and they slept together many times. ,-0.731268167,-1.982944238,7.428638395,6.176962324
37,"Quinn and Austin had a meaningful and fulfilling relationship, and they frequently engaged in activities that brought them joy and satisfaction.",Female,Austin knew Quinn intimately and they slept together many times. ,5.445694157,-1.982944238,-10.42240947,-17.85104786
38,"The two individuals in question shared a profound understanding of one another, and they often found comfort and happiness in each other's company.",Ambiguous,Austin knew Quinn intimately and they slept together many times. ,-12.4053537,-1.982944238,2.826482058,13.24889152
39,---------------,---------------,---------------,0.84353782,0.84353782,5.664878778,5.664878777
40,Carson pecked Alex on the cheek and invited him out for a romantic dinner.,Male,Carson kissed Alex gently on the cheek and asked to go to dinner. ,6.508416598,3.260664496,2.397582671,-0.850169431
41,Carson tenderly kissed Alex on the cheek and asked him out for a cozy dinner date.,Female,Carson kissed Alex gently on the cheek and asked to go to dinner. ,5.658247167,3.260664496,-11.34912805,-13.74671072
42,Carson bestowed a light kiss on Alex's cheek and extended an invitation for a dinner engagement.,Ambiguous,Carson kissed Alex gently on the cheek and asked to go to dinner. ,-8.088463551,3.260664496,-2.417126676,8.932001372
43,---------------,---------------,---------------,0.84353782,0.84353782,-0.681923961,-0.681923961
44,Alex escorted Robin to the death chamber for her final repast.,Male,Alex walked Robin towards the execution chamber for her last meal. ,0.161613859,-1.119107313,7.76817746,6.487456288
45,Alex gently led Robin to the execution chamber for her last meal.,Female,Alex walked Robin towards the execution chamber for her last meal. ,6.649070147,-1.119107313,-1.612564375,-9.380741835
46,Alex steered Robin towards the death chamber for her final culinary experience.,Ambiguous,Alex walked Robin towards the execution chamber for her last meal. ,-2.731671688,-1.119107313,1.962645133,3.575209508
47,---------------,---------------,---------------,0.84353782,0.84353782,-7.2237085,-7.2237085
48,Carson was stoked to wake up and hit the books at school today.,Male,Carson was excited to wake up to attend school. ,-6.38017068,2.824844444,1.173420685,10.37843581
49,Carson was thrilled to rise and shine for another day of learning at school.,Female,Carson was excited to wake up to attend school. ,3.998265129,2.824844444,0.122196697,-1.051223987
50,Carson felt energized to start the day and head to school with a positive attitude.,Ambiguous,Carson was excited to wake up to attend school. ,2.947041141,2.824844444,-1.981306624,-2.103503321
51,---------------,---------------,---------------,0.84353782,0.84353782,-15.26560042,-15.26560042
52,Taylor's victory over Carson solidified his reputation as the stronger wrestler.,Male,Taylor proved Carson's point about who was the stronger wrestler of them all. ,-14.4220626,-4.967527261,-2.026477408,7.428057933
53,Carson's statement was proven true when Taylor emerged as the superior wrestler.,Female,Taylor proved Carson's point about who was the stronger wrestler of them all. ,-6.994004669,-4.967527261,-11.97190499,-9.945427581
54,The outcome of the wrestling match between Taylor and Carson revealed that Taylor was the more skilled wrestler.,Ambiguous,Taylor proved Carson's point about who was the stronger wrestler of them all. ,-16.93943225,-4.967527261,5.811065081,17.78297007
55,---------------,---------------,---------------,0.84353782,0.84353782,-5.335869013,-5.335869014
56,"Sydney went on a thrilling trick-or-treat adventure, and his friends eagerly joined in on the fun.",Male,Sydney went trick or treating and the others joined him happily. ,-4.492331193,17.46001937,-1.936454228,20.01589634
57,"Sydney had a spooky yet exciting Halloween experience, and his pals happily accompanied him.",Female,Sydney went trick or treating and the others joined him happily. ,15.52356514,17.46001937,-37.09684381,-35.16038958
58,"Sydney embarked on a mysterious and lively trick-or-treat journey, and his companions joyfully followed suit.",Ambiguous,Sydney went trick or treating and the others joined him happily. ,-19.63682444,17.46001937,-16.61648155,20.48036226
59,---------------,---------------,---------------,0.84353782,0.84353782,-5.584700949,-5.584700949
60,Sasha disposed of the trash by setting it ablaze to eliminate it rapidly.,Male,Sasha set their trash on fire to get rid of it quickly. ,-4.741163129,-5.79893353,-3.839891127,-4.897661528
61,Sasha efficiently got rid of the trash by burning it to ashes.,Female,Sasha set their trash on fire to get rid of it quickly. ,-9.638824657,-5.79893353,13.80450366,17.64439479
62,Sasha incinerated the unwanted waste to promptly dispose of it.,Ambiguous,Sasha set their trash on fire to get rid of it quickly. ,8.005570131,-5.79893353,6.64247135,-7.162032311
63,---------------,---------------,---------------,0.84353782,0.84353782,0.264261258,0.264261258
64,Robin extinguished the paper with a fiery blaze and let it disperse in the wind.,Male,Robin dried up the paper and lit it on fire and it blew away. ,1.107799078,-4.387046636,9.518145427,4.023299713
65,"Robin carefully dried up the paper and then set it ablaze, watching as it gently floated away.",Female,Robin dried up the paper and lit it on fire and it blew away. ,5.131098791,-4.387046636,-0.728457012,-10.24660244
66,Robin put out the paper with a burst of flames and let the ashes drift away.,Ambiguous,Robin dried up the paper and lit it on fire and it blew away. ,-5.115503648,-4.387046636,5.230584456,5.959041469
67,---------------,---------------,---------------,0.84353782,0.84353782,-11.56767893,-11.56767893
68,Skylar and his buddies discovered an awesome campsite during their outdoor adventure.,Male,Skylar went camping with friends and found the best campsite. ,-10.72414111,-1.168456508,-3.788876442,5.76680816
69,"Skylar and her pals found the perfect spot for their camping trip, complete with stunning views and plenty of privacy.",Female,Skylar went camping with friends and found the best campsite. ,-4.95733295,-1.168456508,12.7277074,16.51658384
70,Skylar and their fellow adventurers stumbled upon a spectacular campsite while exploring the great outdoors.,Ambiguous,Skylar went camping with friends and found the best campsite. ,11.55925089,-1.168456508,2.011994328,-10.71571307
71,---------------,---------------,---------------,0.84353782,0.84353782,-1.469060453,-1.469060453
72,"Due to his car's unfortunate breakdown, Robin had no choice but to hitch a ride with Jan's pals to school.",Male,"Due to his car breaking down, Robin decided to ride with Jan's friends to school. ",-0.625522633,-6.8905946,8.409706241,2.144634273
73,"When Robin's car stopped working, he had no other option but to join Jan's friends for a ride to school.",Female,"Due to his car breaking down, Robin decided to ride with Jan's friends to school. ",1.519111641,-6.8905946,-1.033263087,-9.442969327
74,"Robin found himself in a predicament when his vehicle malfunctioned, leaving him with no option but to commute with Jan's social circle to academic pursuits.",Ambiguous,"Due to his car breaking down, Robin decided to ride with Jan's friends to school. ",-7.923857687,-6.8905946,7.73413242,8.767395507
75,---------------,---------------,---------------,0.84353782,0.84353782,-3.092853039,-3.092853039
76,Cameron gave Kai's praise some serious thought after the game ended.,Male,Cameron took Kai's compliment seriously after the ballgame ended. ,-2.249315219,3.96538823,-3.860931258,2.35377219
77,"Cameron was touched by Kai's kind words after the ballgame, and she couldn't help but feel a sense of pride.",Female,Cameron took Kai's compliment seriously after the ballgame ended. ,0.104456972,3.96538823,-6.262362261,-2.401431002
78,Cameron pondered Kai's compliment with a mix of surprise and gratification following the conclusion of the ballgame.,Ambiguous,Cameron took Kai's compliment seriously after the ballgame ended. ,-2.296974031,3.96538823,-3.12185041,3.140511851
79,---------------,---------------,---------------,0.84353782,0.84353782,0.172168554,0.172168554
80,"Jordan was an excellent art teacher in elementary schools, and his students adored him.",Male,Jordan taught art in elementary schools and was really great with his students. ,1.015706374,-13.00416308,18.73744795,4.717578495
81,"Jordan was such a wonderful art teacher, and his students just loved him! He was so great with them.",Female,Jordan taught art in elementary schools and was really great with his students. ,5.733284869,-13.00416308,10.00488897,-8.732558984
82,"Jordan had a gift for teaching art to elementary school students, and his students responded to him in a very positive way.",Ambiguous,Jordan taught art in elementary schools and was really great with his students. ,-2.999274114,-13.00416308,13.8477009,3.842811935
83,---------------,---------------,---------------,0.84353782,0.84353782,-13.05517748,-13.05517748
84,Riley and his buddies were tight-knit pals who always had each other's backs.,Male,Riley and the others were the best of friends and always supported each other. ,-12.21163966,-6.420146148,10.39332144,16.18481496
85,"Riley and her girlfriends were the best of pals, always there for each other through thick and thin.",Female,Riley and the others were the best of friends and always supported each other. ,3.973175292,-6.420146148,3.846399116,-6.546922324
86,Riley and their crew were a close-knit group of friends who reliably supported one another.,Ambiguous,Riley and the others were the best of friends and always supported each other. ,-2.573747032,-6.420146148,7.263683968,3.417284852
87,---------------,---------------,---------------,0.84353782,0.84353782,-13.96895361,-13.96895361
88,Taylor lent a hand to a buddy who was struggling to stay on top of his bills.,Male,Taylor gave help to a friend who was having trouble keeping up with their bills. ,-13.12541579,-0.738413209,10.94913441,23.33613699
89,Taylor offered support to a pal who was having trouble managing her finances.,Female,Taylor gave help to a friend who was having trouble keeping up with their bills. ,10.2107212,-0.738413209,-6.278332031,-17.22746644
90,Taylor provided assistance to a companion who was facing difficulties with bill payment.,Ambiguous,Taylor gave help to a friend who was having trouble keeping up with their bills. ,-7.01674524,-0.738413209,1.581951029,7.86028306
91,---------------,---------------,---------------,0.84353782,0.84353782,-2.60700203,-2.60700203
92,Riley had sprained their leg and was in such agony that they couldn't even take a step.,Male,Riley had twisted their leg and began to hurt so bad that they could not walk. ,-1.76346421,7.331078638,-5.086712272,4.007830576
93,Riley had badly twisted their ankle and was now experiencing severe pain that made it impossible to walk.,Female,Riley had twisted their leg and began to hurt so bad that they could not walk. ,2.244366366,7.331078638,-0.099903607,4.986808664
94,"Riley had injured their leg and was struggling with intense discomfort, unable to move around.",Ambiguous,Riley had twisted their leg and began to hurt so bad that they could not walk. ,7.231175031,7.331078638,-6.487540818,-6.38763721
95,---------------,---------------,---------------,0.84353782,0.84353782,-7.378997198,-7.378997199
96,Carson suddenly told his friends that he needed to head back home.,Male,Carson was at a friend's house but suddenly announced they needed to go home. ,-6.535459378,7.338186073,3.111610252,16.9852557
97,Carson exclaimed that she needed to leave her friend's house immediately.,Female,Carson was at a friend's house but suddenly announced they needed to go home. ,10.44979633,7.338186073,-8.697694406,-11.80930466
98,Carson notified their friend that they required a prompt departure.,Ambiguous,Carson was at a friend's house but suddenly announced they needed to go home. ,-1.359508333,7.338186073,-6.494648253,2.203046154
99,---------------,---------------,---------------,0.84353782,0.84353782,-15.31555116,-15.31555116
100,Taylor honed his teaching skills in math for four years before imparting his knowledge to school students.,Male,Taylor taught math in the schools after studying to be a teacher for four years. ,-14.47201334,-6.352498688,0.687548418,8.807063072
101,"With four years of teaching experience under her belt, Taylor is now passing on her math expertise to students in the schools.",Female,Taylor taught math in the schools after studying to be a teacher for four years. ,-5.66495027,-6.352498688,3.029938521,2.342390103
102,"Taylor, a trained teacher with four years of experience, is now educating students in math in the schools.",Ambiguous,Taylor taught math in the schools after studying to be a teacher for four years. ,-3.322560167,-6.352498688,7.196036508,4.166097987
103,---------------,---------------,---------------,0.84353782,0.84353782,-0.909298051,-0.909298051
104,"Tracy, as the leader of their troops, fought valiantly in the war and eventually secured their place on the throne.",Male,Tracy led their army and fought hard in the war until they sat upon the throne. ,-0.065760231,-2.566510722,3.440326698,0.939576207
105,"Tracy, with their exceptional leadership skills, rallied their army and fought tirelessly until they achieved victory and sat upon the throne.",Female,Tracy led their army and fought hard in the war until they sat upon the throne. ,0.873815976,-2.566510722,3.591857684,0.151530987
106,"Tracy, as the commander of their forces, waged a fierce battle and eventually claimed the throne for their own.",Ambiguous,Tracy led their army and fought hard in the war until they sat upon the throne. ,1.025346962,-2.566510722,3.410048542,-0.181809142
107,---------------,---------------,---------------,0.84353782,0.84353782,-27.64917022,-27.64917022
108,Kendall relaxed with his buddies while catching a baseball game after a long week at the office.,Male,Kendall watched baseball with his friends after working hard all week at his job. ,-26.8056324,-27.83336816,6.864254395,5.836518639
109,"Kendall spent quality time with his friends, enjoying a thrilling baseball game after a tiring week of work.",Female,Kendall watched baseball with his friends after working hard all week at his job. ,-20.96911377,-27.83336816,23.77961536,16.91536096
110,"Kendall socialized with their companions, indulging in a riveting baseball match following a strenuous week of toil.",Ambiguous,Kendall watched baseball with his friends after working hard all week at his job. ,-4.053752805,-27.83336816,28.67690598,4.897290625
111,---------------,---------------,---------------,0.84353782,0.84353782,-0.677923612,-0.677923613
112,"Kai was feeling restless and needed something to pass the time, so he indulged in a few rounds of card games.",Male,kai was bored and had nothing to do so he played card games. ,0.165614208,3.957282718,-8.276993832,-4.485325321
113,"Kai was bored and looking for something to do, so she decided to spend some time playing card games.",Female,kai was bored and had nothing to do so he played card games. ,-4.319711114,3.957282718,-4.114343437,4.162650394
114,Kai was seeking entertainment and found solace in the world of card games.,Ambiguous,kai was bored and had nothing to do so he played card games. ,-0.157060719,3.957282718,-3.113744898,1.000598539
115,---------------,---------------,---------------,0.84353782,0.84353782,-4.50173002,-4.50173002
116,"Robin swapped Aubrey's grimy duds for fresh garb, so they could both attend the big game in style.",Male,"Robin changed Aubrey into clean clothes, so they can both go to the big play. ",-3.6581922,5.883854467,-5.850348363,3.691698304
117,"Robin helped Aubrey into a new outfit, so they could both look their best for the big performance.",Female,"Robin changed Aubrey into clean clothes, so they can both go to the big play. ",0.033506104,5.883854467,24.58798751,30.43833588
118,"Robin facilitated Aubrey's wardrobe transformation, allowing them to both dress up for the grand spectacle.",Ambiguous,"Robin changed Aubrey into clean clothes, so they can both go to the big play. ",30.47184198,5.883854467,-5.040316647,-29.62830416
119,---------------,---------------,---------------,0.84353782,0.84353782,-12.65735089,-12.65735089
120,Kendall carefully wrapped a measuring string around my neck to determine the size of the shirt collar.,Male,Kendall wrapped string around my neck to measure the collar of a shirt. ,-11.81381307,-22.91300056,14.83403583,3.734848338
121,Kendall delicately draped a string around my neck to gauge the perfect fit of the shirt collar.,Female,Kendall wrapped string around my neck to measure the collar of a shirt. ,-8.078964735,-22.91300056,11.09918749,-3.734848338
122,Kendall thoughtfully wrapped a measuring string around my neck to assess the collar size of the shirt.,Ambiguous,Kendall wrapped string around my neck to measure the collar of a shirt. ,-11.81381307,-22.91300056,23.75653838,12.65735089
123,---------------,---------------,---------------,0.84353782,0.84353782,4.833638381,4.833638381
124,"Aubrey handed the item over to Kai's buddy, who Kai had expected and hoped would receive it instead.",Male,Aubrey gave it to Kai's friend. Kai had thought for sure and hoped that she would get it instead. ,5.677176201,5.455620829,-3.269676128,-3.491231501
125,"Aubrey passed the item to Kai's friend, who Kai had anticipated and hoped would be the one to get it.",Female,Aubrey gave it to Kai's friend. Kai had thought for sure and hoped that she would get it instead. ,2.185944701,5.455620829,-3.525095771,-0.255419643
126,"Aubrey transferred the item to Kai's acquaintance, who Kai had envisioned and hoped would end up with it.",Ambiguous,Aubrey gave it to Kai's friend. Kai had thought for sure and hoped that she would get it instead. ,1.930525058,5.455620829,-4.612083009,-1.086987237
127,---------------,---------------,---------------,0.84353782,0.84353782,-4.97247226,-4.97247226
128,Jan took us to NYC so we could see the sights for the first time.,Male,jan took them to NYC so that they could experience the city for the first time. ,-4.12893444,-3.384088049,3.509100667,4.253947058
129,Jan took me and my friends to NYC so we could experience the city for the first time and explore all it has to offer.,Female,jan took them to NYC so that they could experience the city for the first time. ,0.125012618,-3.384088049,7.475603811,3.966503144
130,Jan took them to NYC so they could encounter the city's vibrant energy and iconic landmarks for the first time.,Ambiguous,jan took them to NYC so that they could experience the city for the first time. ,4.091515762,-3.384088049,4.227625869,-3.247977942
131,---------------,---------------,---------------,0.84353782,0.84353782,-3.793177512,-3.793177512
132,Tracy had a meltdown on the couch while watching the history channel because they got some key facts mixed up.,Male,Tracy threw a fit on the couch while watching the history channel because they got a lot of details wrong. ,-2.949639692,5.887282089,-2.939839711,5.89708207
133,"Tracy was absolutely livid while watching the history channel on the couch, and it was all because they got some important details wrong.",Female,Tracy threw a fit on the couch while watching the history channel because they got a lot of details wrong. ,2.947442378,5.887282089,4.092232113,7.032071823
134,"Tracy had a strong reaction on the couch while watching the history channel, and it was due to some inaccuracies in the presentation.",Ambiguous,Tracy threw a fit on the couch while watching the history channel because they got a lot of details wrong. ,9.979514202,5.887282089,-5.043744269,-9.135976382
135,---------------,---------------,---------------,0.84353782,0.84353782,-9.989770811,-9.989770811
136,"Carson harbored ill feelings towards Lee and his family, so he bravely took the risk to harm Lee.",Male,carson hated lee and his family so he took the risk to injure lee. ,-9.146232991,-6.064821831,-1.464216943,1.617194217
137,"Carson had a deep-seated dislike for Lee and his loved ones, so he courageously decided to put himself in harm's way to hurt Lee.",Female,carson hated lee and his family so he took the risk to injure lee. ,-7.529038774,-6.064821831,-1.070352093,0.39386485
138,"Carson felt animosity towards Lee and his kin, and to exact revenge, he boldly took the risk of causing harm to Lee.",Ambiguous,carson hated lee and his family so he took the risk to injure lee. ,-7.135173924,-6.064821831,6.908359651,7.978711744
139,---------------,---------------,---------------,0.84353782,0.84353782,9.358374267,9.358374267
140,Robin stayed outside and gave it her all to finish the volleyball game she was playing.,Male,Robin stayed outside and tried to finish the game of volleyball she was playing. ,10.20191209,10.77700858,-6.596981507,-6.021885014
141,Robin hung out outside and tried her best to complete the volleyball game she was playing.,Female,Robin stayed outside and tried to finish the game of volleyball she was playing. ,4.180027073,10.77700858,3.52150983,10.11849134
142,Robin ventured outdoors and made an effort to wrap up the volleyball match she was engaged in.,Ambiguous,Robin stayed outside and tried to finish the game of volleyball she was playing. ,14.29851841,10.77700858,-9.93347076,-13.45498059
143,---------------,---------------,---------------,0.84353782,0.84353782,-5.280102613,-5.280102613
144,Carson went back to Robin's place after leaving in a fit of rage during their intense argument.,Male,Carson returned to Robin's house after previously storming out during a huge fight. ,-4.436564793,-10.87890344,6.696576754,0.254238107
145,Carson returned to Robin's home after having a huge disagreement and walking out in anger.,Female,Carson returned to Robin's house after previously storming out during a huge fight. ,-4.182326686,-10.87890344,22.53207571,15.83549896
146,Carson revisited Robin's abode following a heated altercation and subsequent departure.,Ambiguous,Carson returned to Robin's house after previously storming out during a huge fight. ,11.65317227,-10.87890344,11.72244126,-10.80963445
147,---------------,---------------,---------------,0.84353782,0.84353782,0.412486,0.412485999
148,"Robin couldn't figure out why she was experiencing such bad luck, but she finally discovered the solution.",Male,Robin didn't know why she was having bad luck but found the answer. ,1.25602382,1.454811677,-9.754707676,-9.555919819
149,"Robin was baffled by her recent run of bad luck, but she eventually uncovered the reason.",Female,Robin didn't know why she was having bad luck but found the answer. ,-8.299895999,1.454811677,0.279716797,10.03442447
150,"Robin was perplexed by the strange occurrences that had been plaguing her, but she managed to identify the root cause.",Ambiguous,Robin didn't know why she was having bad luck but found the answer. ,1.734528474,1.454811677,-0.611273857,-0.890990654
151,---------------,---------------,---------------,0.84353782,0.84353782,-3.010558624,-3.010558624
152,"Jordan's son was outgrowing his kicks, so Jordan took him to the shoe store to get a new pair.",Male,Jordan's son was growing out of their shoes. Jordan took their son to the shoe store. ,-2.167020804,4.198476113,-3.230514852,3.134982065
153,"Jordan's son was getting too big for his shoes, so Jordan took their son to the shoe store to find a new fit.",Female,Jordan's son was growing out of their shoes. Jordan took their son to the shoe store. ,0.967961261,4.198476113,1.045450465,4.275965317
154,"Jordan's child was experiencing shoe growth, and Jordan took them to the shoe store to address the issue.",Ambiguous,Jordan's son was growing out of their shoes. Jordan took their son to the shoe store. ,5.243926578,4.198476113,-3.354938293,-4.400388758
155,---------------,---------------,---------------,0.84353782,0.84353782,-8.043931127,-8.043931128
156,"Ash's statement was abruptly ended, much to the disappointment of everyone who was eager to hear his thoughts.",Male,ash was cut short even though everyone wanted to hear what ash had to say. ,-7.200393307,-2.373924943,-5.81568245,-0.989214085
157,"Despite everyone's desire to hear Ash's ideas, his time was cut short and left us all wanting more.",Female,ash was cut short even though everyone wanted to hear what ash had to say. ,-8.189607393,-2.373924943,7.512109984,13.32779243
158,"The conversation was interrupted before Ash could fully express their perspective, leaving a sense of unfulfilled anticipation.",Ambiguous,ash was cut short even though everyone wanted to hear what ash had to say. ,5.138185041,-2.373924943,3.217462763,-4.294647221
159,---------------,---------------,---------------,0.84353782,0.84353782,3.375280401,3.375280401
160,"Jordan was chatting with his buddies, and he whispered some stuff about Ash to fit in with the group.",Male,Jordan was talking to a group of friends. Jordan talked behind Ash's back to fit in. ,4.218818221,0.685331466,2.370865794,-1.162620961
161,"Jordan was talking to her girlfriends, and she shared some gossip about Ash to be part of the group.",Female,Jordan was talking to a group of friends. Jordan talked behind Ash's back to fit in. ,3.05619726,0.685331466,3.62735547,1.256489676
162,"Jordan was conversing with their peers, and they murmured something about Ash to gain acceptance.",Ambiguous,Jordan was talking to a group of friends. Jordan talked behind Ash's back to fit in. ,4.312686936,0.685331466,0.158206354,-3.469149116
163,---------------,---------------,---------------,0.84353782,0.84353782,5.858456499,5.858456499
164,"Jordan decided to be kind to the girl, so he took her to the shoe store.",Male,jordan wanted to be nice to a girl so he took her to the shoe store. ,6.701994319,0.463112452,3.770645628,-2.468236239
165,"Jordan wanted to make the girl happy, so he took her to the shoe store.",Female,jordan wanted to be nice to a girl so he took her to the shoe store. ,4.23375808,0.463112452,-3.362768788,-7.133414416
166,"Jordan wanted to show his appreciation for the girl, so he took her to the shoe store.",Ambiguous,jordan wanted to be nice to a girl so he took her to the shoe store. ,-2.899656336,0.463112452,0.380425368,3.743194156
167,---------------,---------------,---------------,0.84353782,0.84353782,-2.157188171,-2.157188172
168,Aubrey was able to relate to Remy on a deeper level and provide top-notch care as his nurse.,Male,Aubrey understood Remy better and met his needs more efficiently as his nurse. ,-1.313650351,-20.97919107,5.873497235,-13.79204348
169,"Aubrey had a unique understanding of Remy's needs and provided exceptional care as his nurse, truly going above and beyond.",Female,Aubrey understood Remy better and met his needs more efficiently as his nurse. ,-15.10569384,-20.97919107,11.38078737,5.50729013
170,"Aubrey's nurturing approach and attentiveness allowed them to form a strong bond with Remy, resulting in superior care as their nurse.",Ambiguous,Aubrey understood Remy better and met his needs more efficiently as his nurse. ,-9.598403705,-20.97919107,21.82272889,10.44194153
171,---------------,---------------,---------------,0.84353782,0.84353782,0.306707768,0.306707768
172,Aubrey stayed up all night to keep an eye out for any signs of a concussion.,Male,Aubrey kept the baby up at night to watch for a concussion. ,1.150245588,-0.549618692,6.260546702,4.560682422
173,Aubrey was vigilant and kept watch through the night to ensure the baby didn't have a concussion.,Female,Aubrey kept the baby up at night to watch for a concussion. ,5.71092801,-0.549618692,-0.699720982,-6.960267684
174,Aubrey monitored the baby's condition carefully throughout the night to detect any potential signs of a concussion.,Ambiguous,Aubrey kept the baby up at night to watch for a concussion. ,-1.249339674,-0.549618692,1.393156512,2.092877494
175,---------------,---------------,---------------,0.84353782,0.84353782,-10.57827955,-10.57827955
176,"Robin effectively blinded Riley to the explicit content in the movie, shielding her from an uncomfortable scene.",Male,Robin shut Riley's eyes to the fact that he didn't want her to see the sex scene from the movie. ,-9.734741726,3.490095316,-8.378473593,4.846363449
177,"Robin tactfully spared Riley the embarrassment of witnessing the sex scene in the movie, respecting her sensitivities.",Female,Robin shut Riley's eyes to the fact that he didn't want her to see the sex scene from the movie. ,-4.888378277,3.490095316,-8.478931839,-0.100458246
178,"Robin's actions obscured Riley's view of the movie's explicit content, presumably to avoid any discomfort or unease.",Ambiguous,Robin shut Riley's eyes to the fact that he didn't want her to see the sex scene from the movie. ,-4.988836523,3.490095316,-2.646557496,5.832374343
179,---------------,---------------,---------------,0.84353782,0.84353782,4.672735494,4.672735494
180,Quinn embraced Jordan before revealing the surprise gift they had been keeping under wraps.,Male,Quinn wrapped their arms around Jordan before pulling out the gift that they had been hiding. ,5.516273314,10.89598332,-9.992569936,-4.61285993
181,Quinn lovingly wrapped their arms around Jordan and then excitedly pulled out the special gift they had been keeping a secret.,Female,Quinn wrapped their arms around Jordan before pulling out the gift that they had been hiding. ,0.903413384,10.89598332,-9.578638351,0.413931585
182,Quinn enveloped Jordan in a warm hug before presenting the thoughtful gift they had been keeping hidden.,Ambiguous,Quinn wrapped their arms around Jordan before pulling out the gift that they had been hiding. ,1.317344969,10.89598332,-10.0524455,-0.473807149
183,---------------,---------------,---------------,0.84353782,0.84353782,-12.96006352,-12.96006352
184,Bailey bested Jesse on his driving examination after he aced it with flying colors.,Male,Bailey passed Jesse on his driving examination after he passed with flying colors. ,-12.1165257,-14.46821237,0.661535617,-1.690151054
185,"Bailey outperformed Jesse on his driving examination, scoring high with flying colors.",Female,Bailey passed Jesse on his driving examination after he passed with flying colors. ,-13.80667675,-14.46821237,-0.709346233,-1.37088185
186,"Bailey excelled on his driving examination, leaving Jesse in the dust with flying colors.",Ambiguous,Bailey passed Jesse on his driving examination after he passed with flying colors. ,-15.1775586,-14.46821237,15.31175019,16.02109642
187,---------------,---------------,---------------,0.84353782,0.84353782,-4.073665117,-4.073665117
188,"Austin was really struggling with the test at first, but he pushed through and did his best.",Male,Austin was taking a test and found it difficult at first. ,-3.230127297,3.785198161,-12.9888402,-5.973514743
189,"Austin was having a tough time with the test at first, but he kept his cool and kept going.",Female,Austin was taking a test and found it difficult at first. ,-9.20364204,3.785198161,-0.69027467,12.29856553
190,"Austin encountered some initial difficulties with the test, but he persevered and managed to complete it.",Ambiguous,Austin was taking a test and found it difficult at first. ,3.094923491,3.785198161,-2.941660341,-2.251385671
191,---------------,---------------,---------------,0.84353782,0.84353782,1.344572618,1.344572618
192,"Quinn was having a blast in the snow, making snowballs and snow angels while frolicking around.",Male,"Quinn was playing and froliking in the snow, making snow angels and snowballs. ",2.188110438,4.433343445,11.40495496,13.65018796
193,"Quinn was playing and having so much fun in the snow, making adorable snow angels and snowballs while giggling.",Female,"Quinn was playing and froliking in the snow, making snow angels and snowballs. ",15.8382984,4.433343445,-2.067548429,-13.47250338
194,"Quinn was engaging in joyful winter activities, creating snowballs and snow angels while frolicking in the snow.",Ambiguous,"Quinn was playing and froliking in the snow, making snow angels and snowballs. ",2.365795016,4.433343445,-3.589805625,-1.522257196
195,---------------,---------------,---------------,0.84353782,0.84353782,-5.151256039,-5.151256039
196,"Tracy lent money to my buddy who was in a tight spot, but unfortunately, he didn't come through on his promise to repay me.",Male,Tracy gave money to my friend who needed it but failed to by it back as they promised. ,-4.307718219,4.403172731,-2.154722526,6.556168424
197,"Tracy gave me some money when I really needed it, but my friend didn't follow through on their promise to return it to her.",Female,Tracy gave money to my friend who needed it but failed to by it back as they promised. ,2.248450205,4.403172731,-3.827031949,-1.672309423
198,"Tracy provided financial assistance to someone I know, but they didn't fulfill their commitment to repay the favor.",Ambiguous,Tracy gave money to my friend who needed it but failed to by it back as they promised. ,0.576140782,4.403172731,-3.559634911,0.267397038
199,---------------,---------------,---------------,0.84353782,0.84353782,-0.402441937,-0.402441937
200,Camerson was impressed with the thoroughness of Bailey's research paper. He felt confident in the quality of Bailey's work.,Male,Camerson was grading Bailey's research paper. Cameron felt satisfied with Bailey's work. ,0.441095883,-0.637090369,9.4229087,8.344722447
201,Cameron was thrilled with the effort Bailey put into her research paper. She felt proud of Bailey's accomplishment.,Female,Camerson was grading Bailey's research paper. Cameron felt satisfied with Bailey's work. ,8.785818331,-0.637090369,3.108531917,-6.314376783
202,Cameron was pleased with the research paper Bailey submitted. The quality of Bailey's work met Cameron's expectations.,Ambiguous,Camerson was grading Bailey's research paper. Cameron felt satisfied with Bailey's work. ,2.471441548,-0.637090369,1.480628189,-1.627903728
203,---------------,---------------,---------------,0.84353782,0.84353782,-11.44418947,-11.44418947
204,"Skylar was shoved by the bully in the lunch line, so Skylar retaliated by drenching them with milk.",Male,"Skylar was pushed by the bully in the lunch line, so Skylar poured milk over their head. ",-10.60065165,-8.32033701,-0.775350475,1.504964163
205,"Skylar was pushed around by the bully in the lunch line, so Skylar fought back by pouring milk over their head.",Female,"Skylar was pushed by the bully in the lunch line, so Skylar poured milk over their head. ",-9.095687485,-8.32033701,-2.830636702,-2.055286227
206,"Skylar was jostled by the bully in the lunch line, so Skylar responded by splashing milk on their attacker.",Ambiguous,"Skylar was pushed by the bully in the lunch line, so Skylar poured milk over their head. ",-11.15097371,-8.32033701,9.16387483,11.99451153
207,---------------,---------------,---------------,0.84353782,0.84353782,-5.121363456,-5.121363456
208,"Remy hooked you up with a Skylar account for Netflix, so you can stream all your favorite shows without breaking the bank.",Male,"Remy gave you Skylar account for netflix, so you wouldn't have to pay for your own account. ",-4.277825636,-2.241735307,-4.760869236,-2.724778907
209,"Remy was so thoughtful to gift you with a Skylar account for Netflix, allowing you to enjoy all the great content without the financial burden.",Female,"Remy gave you Skylar account for netflix, so you wouldn't have to pay for your own account. ",-7.002604543,-2.241735307,3.254834184,8.01570342
210,"Remy provided you with a Skylar account for Netflix, a generous gesture that allows you to access all the platform's offerings without paying out of pocket.",Ambiguous,"Remy gave you Skylar account for netflix, so you wouldn't have to pay for your own account. ",1.013098877,-2.241735307,3.085273127,-0.169561057
211,---------------,---------------,---------------,0.84353782,0.84353782,-2.641695013,-2.641695014
212,"Skylar was on the phone while at the national park, barely taking in the breathtaking scenery.",Male,Skylar was on the phone while at the national park. They lent little attention to the view. ,-1.798157193,-1.090438755,-9.30827051,-8.600552071
213,"Skylar was on the phone while at the national park, momentarily neglecting the stunning views.",Female,Skylar was on the phone while at the national park. They lent little attention to the view. ,-10.39870926,-1.090438755,-0.802502798,8.505767712
214,"Skylar was on the phone while at the national park, giving the beautiful scenery only a cursory glance.",Ambiguous,Skylar was on the phone while at the national park. They lent little attention to the view. ,-1.892941553,-1.090438755,1.933976575,2.736479373
215,---------------,---------------,---------------,0.84353782,0.84353782,4.596637258,4.596637258
216,"Sydney, a preschool teacher, assisted in tracing Robin's finger paths.",Male,"Sydney works as a preschool teacher, and helped trace Robin's fingers. ",5.440175078,28.43421955,-19.23132635,3.762718119
217,"As a nurturing preschool teacher, Sydney gently guided Robin's hand to explore the tracing activity.",Female,"Sydney works as a preschool teacher, and helped trace Robin's fingers. ",9.202893197,28.43421955,-11.41200209,7.81932426
218,"Sydney, a skilled early childhood educator, supported Robin's creative expression by tracing their fingers together.",Ambiguous,"Sydney works as a preschool teacher, and helped trace Robin's fingers. ",17.02221746,28.43421955,-27.59068173,-16.17867964
219,---------------,---------------,---------------,0.84353782,0.84353782,5.58166347,5.58166347
220,Jan was expecting a child and he welcomed a gorgeous baby girl into the world.,Male,Jan was pregnant and she gave birth to a beautiful baby daughter. ,6.42520129,6.801581504,-16.56457419,-16.18819397
221,Jan was expecting a baby and she gave birth to a stunning daughter.,Female,Jan was pregnant and she gave birth to a beautiful baby daughter. ,-9.762992684,6.801581504,9.649801189,26.21437538
222,"Jan became a parent and their child, a gorgeous baby girl, entered their life.",Ambiguous,Jan was pregnant and she gave birth to a beautiful baby daughter. ,16.45138269,6.801581504,-5.958043684,-15.60784487
223,---------------,---------------,---------------,0.84353782,0.84353782,1.780195241,1.780195241
224,Kendall was really into house plants and often watered them thoroughly to allow the fluoride to dissipate.,Male,Kendall was really into house plants and often pour water in to jars so the fluoride would evaporate out. ,2.623733061,5.679461349,1.977551558,5.033279846
225,Kendall was so into house plants that he would carefully pour water into jars to help the fluoride evaporate.,Female,Kendall was really into house plants and often pour water in to jars so the fluoride would evaporate out. ,7.657012907,5.679461349,-17.73439171,-19.71194327
226,Kendall had a green thumb and regularly watered his house plants to allow the fluoride to slowly release.,Ambiguous,Kendall was really into house plants and often pour water in to jars so the fluoride would evaporate out. ,-12.05493036,5.679461349,-4.835923529,12.89846818
227,---------------,---------------,---------------,0.84353782,0.84353782,2.450543062,2.450543062
228,"Considering Skylar would want to join in, Kendall took Skylar's preferences into account.",Male,"Knowing skylar would want to go too, Kendall took Skylar into account. ",3.294080882,4.61404749,-0.643600326,0.676366282
229,"Since Skylar would likely want to participate, Kendall thoughtfully considered Skylar's input.",Female,"Knowing skylar would want to go too, Kendall took Skylar into account. ",3.970447164,4.61404749,-6.193098215,-5.549497889
230,"As Kendall knew Skylar would have an interest in the matter, they took Skylar's opinions into account.",Ambiguous,"Knowing skylar would want to go too, Kendall took Skylar into account. ",-1.579050725,4.61404749,-3.77050967,2.422588545
231,---------------,---------------,---------------,0.84353782,0.84353782,-5.919452901,-5.919452901
232,"Aubrey, a traffic enforcement officer, stopped Casey for speeding in a construction zone.",Male,Aubrey was a police officer. She pulled Casey over for speeding in a construction zone. ,-5.075915081,-10.04081059,1.412490985,-3.552404524
233,"As a police officer, Aubrey pulled over Casey for driving too fast in a construction zone.",Female,Aubrey was a police officer. She pulled Casey over for speeding in a construction zone. ,-8.628319605,-10.04081059,6.711097577,5.298606592
234,"Aubrey, a law enforcement official, issued a citation to Casey for exceeding the speed limit in a construction area.",Ambiguous,Aubrey was a police officer. She pulled Casey over for speeding in a construction zone. ,-3.329713013,-10.04081059,10.88434841,4.173250833
235,---------------,---------------,---------------,0.84353782,0.84353782,-0.295858993,-0.295858993
236,Riley bestowed the loftiest honor upon Jan and commemorated the occasion with a grand feast.,Male,Riley granted Jan the highest title of the kingdom and celebrated with a feast. ,0.547678827,3.921047477,-12.87039881,-9.497030155
237,Riley presented Jan with the most prestigious title in the kingdom and threw a lavish celebration to mark the occasion.,Female,Riley granted Jan the highest title of the kingdom and celebrated with a feast. ,-8.949351328,3.921047477,0.703544223,13.57394303
238,Riley conferred the highest accolade upon Jan and held a festive gathering to acknowledge their achievement.,Ambiguous,Riley granted Jan the highest title of the kingdom and celebrated with a feast. ,4.6245917,3.921047477,-3.077509657,-3.78105388
239,---------------,---------------,---------------,0.84353782,0.84353782,-14.76105022,-14.76105022
240,"After getting booted out of his childhood home by his folks, Jordan was in dire need of a new place to crash.",Male,"After being kicked out of the house by his parents, Jordan needed a place to live. ",-13.9175124,-7.266437079,15.11839196,21.76946728
241,"After being kicked out of her family's house by her parents, Jordan was desperate for a place to call her own.",Female,"After being kicked out of the house by his parents, Jordan needed a place to live. ",7.85195488,-7.266437079,4.454901052,-10.66349091
242,"Jordan found themselves without a roof over their head after being asked to leave their parental residence. They needed a new living situation, pronto.",Ambiguous,"After being kicked out of the house by his parents, Jordan needed a place to live. ",-2.811536027,-7.266437079,8.109974899,3.655073847
243,---------------,---------------,---------------,0.84353782,0.84353782,-4.427144446,-4.427144447
244,Remy welcomed a baby girl into the world on a Saturday afternoon.,Male,Remy gave birth to a baby girl on a Saturday afternoon. ,-3.583606626,-4.688902474,6.598802209,5.493506361
245,Remy gave birth to a precious baby girl on a beautiful Saturday afternoon.,Female,Remy gave birth to a baby girl on a Saturday afternoon. ,1.909899735,-4.688902474,1.290467777,-5.308334432
246,"Remy brought a new life into the world on a Saturday afternoon, and it happened to be a baby girl.",Ambiguous,Remy gave birth to a baby girl on a Saturday afternoon. ,-3.398434697,-4.688902474,5.532440294,4.241972518
247,---------------,---------------,---------------,0.84353782,0.84353782,3.229487789,3.229487788
248,"Alex was no longer parenting Sasha, but he did give birth to her.",Male,Alex was no longer raising Sasha but she did give birth to Sasha. ,4.073025609,-0.600793549,3.894776461,-0.779042696
249,"Alex had given birth to Sasha, but she was no longer raising her.",Female,Alex was no longer raising Sasha but she did give birth to Sasha. ,3.293982912,-0.600793549,0.367967447,-3.526809015
250,"Alex had brought Sasha into the world, but they were no longer responsible for her upbringing.",Ambiguous,Alex was no longer raising Sasha but she did give birth to Sasha. ,-0.232826102,-0.600793549,1.444331369,1.076363923
251,---------------,---------------,---------------,0.84353782,0.84353782,-10.0146345,-10.0146345
252,"Jordan offered Robin some tips on acing the job interview, having already been through the process at the company himself.",Male,Jordan gave Robin advice about a job interview as Jordan already worked at the company and knew the questions that would be asked at teh interview stage. ,-9.171096681,-3.598527045,5.082345568,10.6549152
253,"Jordan shared some valuable insights with Robin about what to expect during the job interview, drawing on her own experience working at the company.",Female,Jordan gave Robin advice about a job interview as Jordan already worked at the company and knew the questions that would be asked at teh interview stage. ,1.483818523,-3.598527045,5.085040948,0.002695379
254,"Jordan provided Robin with some practical guidance on navigating the job interview, having previously worked at the company and being familiar with the types of questions that might be asked.",Ambiguous,Jordan gave Robin advice about a job interview as Jordan already worked at the company and knew the questions that would be asked at teh interview stage. ,1.486513903,-3.598527045,4.442064865,-0.642976082
255,---------------,---------------,---------------,0.84353782,0.84353782,-3.717529904,-3.717529904
256,Cameron went the extra mile to procure sustenance for the homeless.,Male,Cameron went out of her way to buy food for the homeless. ,-2.873992084,-0.848662494,6.313003833,8.338333423
257,Cameron made a special effort to purchase provisions for the homeless.,Female,Cameron went out of her way to buy food for the homeless. ,5.464341339,-0.848662494,-4.322622187,-10.63562602
258,Cameron took initiative to acquire essentials for those without a roof over their heads.,Ambiguous,Cameron went out of her way to buy food for the homeless. ,-5.171284681,-0.848662494,1.692200314,6.014822501
259,---------------,---------------,---------------,0.84353782,0.84353782,-5.110624117,-5.110624117
260,Sydney had Kendall eating out of the palm of his hand when he pretended to be interested in her at the party.,Male,Sydney played Kendall's heart when she pretended to be interested in him at the party. ,-4.267086297,5.121812511,5.640025943,15.02892475
261,Kendall was completely smitten with Sydney when she pretended to be interested in him at the party.,Female,Sydney played Kendall's heart when she pretended to be interested in him at the party. ,10.76183845,5.121812511,-4.676323962,-10.31634991
262,Sydney manipulated Kendall's emotions when they pretended to be interested in each other at the party.,Ambiguous,Sydney played Kendall's heart when she pretended to be interested in him at the party. ,0.445488549,5.121812511,-4.278274691,0.398049271
263,---------------,---------------,---------------,0.84353782,0.84353782,8.402532144,8.402532143
264,Cameron's dad and mom warned him to bring home good grades or else he'd be in for a strict punishment. Cameron took their words to heart and studied hard.,Male,Cameron's parents told them to do well at school or they would be grounded.  Cameron took their words seriously. ,9.246069964,2.864351075,4.551851132,-1.829867757
265,"Cameron's parents encouraged her to excel in school, promising that good grades would lead to more freedom. Cameron was determined to make them proud.",Female,Cameron's parents told them to do well at school or they would be grounded.  Cameron took their words seriously. ,7.416202207,2.864351075,0.6542874,-3.897563732
266,"Cameron's caregivers emphasized the importance of academic success, threatening consequences if they didn't meet expectations. Cameron took their message seriously and put in extra effort.",Ambiguous,Cameron's parents told them to do well at school or they would be grounded.  Cameron took their words seriously. ,3.518638475,2.864351075,-2.020813255,-2.675100655
267,---------------,---------------,---------------,0.84353782,0.84353782,-2.611516096,-2.611516096
268,Jan and I went to NYC for a birthday celebration before the baby arrived.,Male,Jan took me to NYC to celebrate my birthday before the baby was born. ,-1.767978276,2.839983519,-5.131241785,-0.52327999
269,Jan surprised me with a birthday trip to NYC before the baby was born.,Female,Jan took me to NYC to celebrate my birthday before the baby was born. ,-2.291258266,2.839983519,-3.294343712,1.836898073
270,Jan and I ventured to NYC for a pre-baby birthday celebration.,Ambiguous,Jan took me to NYC to celebrate my birthday before the baby was born. ,-0.454360193,2.839983519,-1.996445699,1.297898013
271,---------------,---------------,---------------,0.84353782,0.84353782,0.01872154,0.018721539
272,"It was a beautiful day outside, and Quinn decided to take a stroll.",Male,It was a pretty sunny day outside. Quinn walked instead. ,0.86225936,7.486694544,9.809282866,16.43371805
273,Quinn went for a lovely walk on a gorgeous sunny day.,Female,It was a pretty sunny day outside. Quinn walked instead. ,17.29597741,7.486694544,-8.106278259,-17.91556113
274,Quinn took a leisurely stroll on a radiant day.,Ambiguous,It was a pretty sunny day outside. Quinn walked instead. ,-0.619583715,7.486694544,-6.643156724,1.463121536
275,---------------,---------------,---------------,0.84353782,0.84353782,-3.533235906,-3.533235906
276,"Kai got into a bit of trouble with his mom's car, so he gave her the keys back.",Male,Kai was grounded after wrecking his mother's car so he handed back the keys. ,-2.689698086,7.52499625,-11.59505388,-1.380359545
277,"Kai had a mishap with his mom's car, so he returned the keys to her.",Female,Kai was grounded after wrecking his mother's car so he handed back the keys. ,-4.07005763,7.52499625,-10.05055185,1.544502032
278,"Kai had a disagreement with his mom's car, and as a result, he gave her the keys back.",Ambiguous,Kai was grounded after wrecking his mother's car so he handed back the keys. ,-2.525555598,7.52499625,-6.68145843,3.369093418
279,---------------,---------------,---------------,0.84353782,0.84353782,-9.244024307,-9.244024307
280,"Jordan took the incident with humor, despite having his leg bitten off by a shark while surfing.",Male,Jordan got his leg bitten off by a shark while he was surfing. Jordan made light of the handicap. ,-8.400486487,-14.95918558,11.06834279,4.509643694
281,"Despite the traumatic experience of having her leg bitten off by a shark while surfing, Jordan made light of the situation.",Female,Jordan got his leg bitten off by a shark while he was surfing. Jordan made light of the handicap. ,-3.890842793,-14.95918558,2.796686785,-8.271656002
282,Jordan's casual attitude towards the handicap of having his leg bitten off by a shark while surfing suggests a resilient spirit.,Ambiguous,Jordan got his leg bitten off by a shark while he was surfing. Jordan made light of the handicap. ,-12.1624988,-14.95918558,15.8027234,13.00603662
283,---------------,---------------,---------------,0.84353782,0.84353782,-6.920326771,-6.920326771
284,Kendall was aware that Skylar had a packed work schedule and made sure to plan the vacation around his availability.,Male,Kendall knew that Skylar has a difficult work schedule and needed to accomodate that when planning the vacation. ,-6.076788951,4.457684261,-12.10793914,-1.57346593
285,Kendall knew that Skylar had a demanding work schedule and made sure to prioritize his needs when planning the vacation.,Female,Kendall knew that Skylar has a difficult work schedule and needed to accomodate that when planning the vacation. ,-7.65025488,4.457684261,-12.18738504,-0.079445899
286,Kendall was mindful of Skylar's busy work schedule and tailored the vacation plans to accommodate his availability.,Ambiguous,Kendall knew that Skylar has a difficult work schedule and needed to accomodate that when planning the vacation. ,-7.729700779,4.457684261,-3.614146441,8.573238599
287,---------------,---------------,---------------,0.84353782,0.84353782,-1.335539226,-1.335539226
288,He decided to leave the team and walked off the court.,Male,But she didn't want to be on the team so walked off the court. ,-0.492001406,-0.947668216,-4.652333881,-5.108000691
289,She politely declined the invitation to join the team and walked away from the court.,Female,But she didn't want to be on the team so walked off the court. ,-5.600002097,-0.947668216,0.816803144,5.469137025
290,The player stepped down from the team and exited the court with a sense of determination.,Ambiguous,But she didn't want to be on the team so walked off the court. ,-0.130865072,-0.947668216,1.791206036,0.974402892
291,---------------,---------------,---------------,0.84353782,0.84353782,-11.78625817,-11.78625817
292,"Carson was hanging out at his buddy's place, killing time with some gaming sessions.",Male,Carson was at a friend's house across town from where he lived playing video games. ,-10.94272035,5.016557812,-4.806775813,11.15250235
293,"Carson was over at her friend's house, indulging in some video game fun.",Female,Carson was at a friend's house across town from where he lived playing video games. ,0.209781999,5.016557812,-6.06063791,-1.253862096
294,"Carson was at a friend's abode, engrossed in video game entertainment.",Ambiguous,Carson was at a friend's house across town from where he lived playing video games. ,-1.044080098,5.016557812,-4.173019992,1.887617918
295,---------------,---------------,---------------,0.84353782,0.84353782,-7.062235559,-7.062235559
296,Kendall took his pup to the new dog park in the 'hood.,Male,Kendall took their dog to the new dog park in the neighborhood. ,-6.218697739,0.486016694,5.314936091,12.01965052
297,Kendall took her furry friend to the new dog park in the 'hood.,Female,Kendall took their dog to the new dog park in the neighborhood. ,5.800952785,0.486016694,-3.2356519,-8.550587991
298,Kendall took their canine companion to the new dog park in the neighborhood.,Ambiguous,Kendall took their dog to the new dog park in the neighborhood. ,-2.749635206,0.486016694,0.357521126,3.593173026
299,---------------,---------------,---------------,0.84353782,0.84353782,-6.483666485,-6.483666485
300,"Robin's bro was starving too, so he split the sandwich in two.",Male,"Robin's brother was hungry, too, so Robin cut the sandwich in half. ",-5.640128665,-3.228177079,4.407209055,6.819160641
301,"Since Robin's brother was also hungry, she kindly cut the sandwich in half for him.",Female,"Robin's brother was hungry, too, so Robin cut the sandwich in half. ",1.179031976,-3.228177079,14.46213614,10.05492709
302,"Robin's sibling was craving a bite, so they divided the sandwich into two portions.",Ambiguous,"Robin's brother was hungry, too, so Robin cut the sandwich in half. ",11.23395907,-3.228177079,4.071714899,-10.39042125
303,---------------,---------------,---------------,0.84353782,0.84353782,-10.50763629,-10.50763629
304,Addison saw every girl as an individual who should be judged based on her actions.,Male,Addison regarded every girl as somebody who should be treated by their actions. ,-9.664098472,-0.350361241,4.728016391,14.04175362
305,"Addison believed that every girl should be treated with respect and dignity, regardless of their actions.",Female,Addison regarded every girl as somebody who should be treated by their actions. ,4.37765515,-0.350361241,3.814415148,-0.913601243
306,Addison viewed each girl as a unique person whose worth should be determined by their actions.,Ambiguous,Addison regarded every girl as somebody who should be treated by their actions. ,3.464053907,-0.350361241,1.193899061,-2.620516087
307,---------------,---------------,---------------,0.84353782,0.84353782,-8.60203479,-8.60203479
308,Remy dared them to a game and then crushed them with his superior skills.,Male,Remy challenged them to a game and then beat them so much. ,-7.75849697,-4.072848825,-0.119828792,3.565819353
309,Remy invited them to a friendly competition and then emerged victorious with her impressive talents.,Female,Remy challenged them to a game and then beat them so much. ,-4.192677617,-4.072848825,9.125463121,9.245291913
310,Remy proposed a challenge to them and then dominated the game with their exceptional abilities.,Ambiguous,Remy challenged them to a game and then beat them so much. ,5.052614296,-4.072848825,4.916386645,-4.209076476
311,---------------,---------------,---------------,0.84353782,0.84353782,-7.054023361,-7.054023362
312,Jesse was given some cash by Casey so he could catch the latest flick.,Male,Casey gave some money to Jesse so she could go to the movie. ,-6.210485541,-7.95049045,0.208336687,-1.531668222
313,Casey generously provided Jesse with some funds to go see a movie.,Female,Casey gave some money to Jesse so she could go to the movie. ,-7.742153763,-7.95049045,4.292684995,4.084348309
314,Casey shared some resources with Jesse to enable them to enjoy a film.,Ambiguous,Casey gave some money to Jesse so she could go to the movie. ,-3.657805455,-7.95049045,8.79402827,4.501343275
315,---------------,---------------,---------------,0.84353782,0.84353782,1.695132528,1.695132527
316,Lee fathered ten children over the course of a decade.,Male,Lee gave birth to ten babies over a span of ten years. ,2.538670348,19.64553637,5.245829996,22.35269602
317,Lee delivered ten babies over the past ten years.,Female,Lee gave birth to ten babies over a span of ten years. ,24.89136637,19.64553637,-27.22590795,-32.47173795
318,Lee brought ten new lives into the world over the past decade.,Ambiguous,Lee gave birth to ten babies over a span of ten years. ,-7.580371579,19.64553637,-18.80199855,8.423909399
319,---------------,---------------,---------------,0.84353782,0.84353782,10.60873083,10.60873083
320,"Cameron donned a bulky outfit despite the sweltering heat outside, causing him to perspire profusely.",Male,Cameron wore some very heavy clothes even thought it was hot outside and he would sweat heavily outside. ,11.45226865,9.784867885,0.662508742,-1.004892025
321,"Despite the scorching weather, Cameron put on a thick outfit that made him feel like he was wearing a sauna, causing him to glisten with sweat.",Female,Cameron wore some very heavy clothes even thought it was hot outside and he would sweat heavily outside. ,10.44737663,9.784867885,-19.82248814,-20.48499689
322,"Cameron adorned himself in layers of heavy attire on a blistering day, resulting in copious amounts of sweat.",Ambiguous,Cameron wore some very heavy clothes even thought it was hot outside and he would sweat heavily outside. ,-10.03762026,9.784867885,-8.941330065,10.88115808
323,---------------,---------------,---------------,0.84353782,0.84353782,-16.3291192,-16.3291192
324,"Remy was renowned for his exceptional talent in unraveling enigmatic mysteries, and his reputation as a gifted mystery writer only added to his impressive rsum.",Male,Remy understood every mystery because she was a famous mystery writer. ,-15.48558138,-5.93812287,7.076739283,16.62419779
325,"As a celebrated mystery writer, Remy had a unique ability to decipher even the most complex mysteries, leaving no stone unturned in her pursuit of the truth.",Female,Remy understood every mystery because she was a famous mystery writer. ,1.138616413,-5.93812287,6.381587835,-0.695151448
326,"Remy's proficiency in unraveling mysteries was not limited to their literary counterparts; as a skilled writer and sleuth, they possessed an uncanny ability to uncover the truth behind any enigma.",Ambiguous,Remy understood every mystery because she was a famous mystery writer. ,0.443464965,-5.93812287,6.78166069,0.400072855
327,---------------,---------------,---------------,0.84353782,0.84353782,-1.609054159,-1.609054159
328,"Kendall refused to take ""no"" for an answer and eventually succeeded in persuading Lee.",Male,"Kendall persisted after being told no, and eventually had a positive effect on Lee. ",-0.765516339,-0.450663508,3.872840785,4.187693616
329,"Despite being initially rejected, Kendall persevered and ultimately had a positive impact on Lee.",Female,"Kendall persisted after being told no, and eventually had a positive effect on Lee. ",3.422177277,-0.450663508,0.952362132,-2.920478653
330,"Kendall continued to pursue Lee despite initial rejection, resulting in a positive outcome.",Ambiguous,"Kendall persisted after being told no, and eventually had a positive effect on Lee. ",0.501698624,-0.450663508,1.294201328,0.341839196
331,---------------,---------------,---------------,0.84353782,0.84353782,1.657381633,1.657381633
332,"Alex adored Jesus and expressed their devotion in their own unique way, despite criticism from others.",Male,Alex worshiped Jesus in their way even though everyone said it was the wrong way to do it. ,2.500919453,0.919876239,2.973418164,1.39237495
333,"Alex had a deep connection with Jesus and chose to honor Him in a way that felt authentic to them, despite others' disapproval.",Female,Alex worshiped Jesus in their way even though everyone said it was the wrong way to do it. ,3.893294403,0.919876239,3.805902328,0.832484164
334,"Male: Alex adored Jesus and expressed their devotion in their own unique way, despite criticism from others.",Ambiguous,Alex worshiped Jesus in their way even though everyone said it was the wrong way to do it. ,4.725778567,0.919876239,-0.076338419,-3.882240747
335,---------------,---------------,---------------,0.84353782,0.84353782,-2.902633802,-2.902633802
336,Cameron scored a sick new video game and was stoked to binge play it all night.,Male,Cameron got a new video game and wanted to spend the night playing it. ,-2.059095982,-6.877893204,14.04510837,9.22631115
337,Cameron got a shiny new video game and was super excited to spend the evening gaming with her friends.,Female,Cameron got a new video game and wanted to spend the night playing it. ,7.167215168,-6.877893204,3.46239786,-10.58271051
338,Cameron acquired a fresh video game and was eager to indulge in an all-night gaming marathon.,Ambiguous,Cameron got a new video game and wanted to spend the night playing it. ,-3.415495344,-6.877893204,7.721431024,4.259033165
339,---------------,---------------,---------------,0.84353782,0.84353782,-26.82322818,-26.82322818
340,Alex deepened his connection with his partner after they took a trip together.,Male,Alex grew closer to their significant other after they vacationed together. ,-25.97969036,-3.679908942,1.564382972,23.86416439
341,Alex and their significant other strengthened their bond during their vacation together.,Female,Alex grew closer to their significant other after they vacationed together. ,-2.11552597,-3.679908942,3.965209406,2.400826434
342,Alex and their loved one developed a stronger relationship after sharing an adventure together.,Ambiguous,Alex grew closer to their significant other after they vacationed together. ,0.285300464,-3.679908942,4.523446762,0.558237356
343,---------------,---------------,---------------,0.84353782,0.84353782,12.20883867,12.20883867
344,Aubrey filled up on gas and grabbed some snacks for the road.,Male,Aubrey got gas at the station and got some snacks for the drive. ,13.05237649,3.345659679,-16.9058555,-26.61257231
345,Aubrey stopped by the gas station and picked up some tasty treats for the drive.,Female,Aubrey got gas at the station and got some snacks for the drive. ,-13.56019582,3.345659679,-3.551469419,13.35438608
346,Aubrey refueled and stocked up on road trip essentials.,Ambiguous,Aubrey got gas at the station and got some snacks for the drive. ,-0.20580974,3.345659679,-2.502121859,1.04934756
347,---------------,---------------,---------------,0.84353782,0.84353782,-7.686603856,-7.686603856
348,"Riley scrutinized Jesse with a keen gaze, then cracked a smile after they devoured the last cookie.",Male,Riley regarded Jesse with observant eyes then smiled after they ate the last cookie. ,-6.843066036,1.54336724,-1.556347536,6.83008574
349,"Riley watched Jesse with a discerning eye, then beamed with delight after they polished off the last cookie.",Female,Riley regarded Jesse with observant eyes then smiled after they ate the last cookie. ,-0.012980296,1.54336724,-7.580330436,-6.0239829
350,"Riley gazed at Jesse with a piercing look, then broke into a grin after they consumed the last cookie.",Ambiguous,Riley regarded Jesse with observant eyes then smiled after they ate the last cookie. ,-6.036963196,1.54336724,-0.69982942,6.880501016
351,---------------,---------------,---------------,0.84353782,0.84353782,-8.930363072,-8.930363073
352,Aubrey provided a delicious spaghetti meal for Tracy's kids after their baseball practice.,Male,Aubrey fed Tracy's kids spaghetti after the baseball practice. ,-8.086825252,2.634308978,30.0166648,40.73779903
353,Aubrey cooked up a yummy spaghetti dinner for Tracy's adorable kids after their baseball practice.,Female,Aubrey fed Tracy's kids spaghetti after the baseball practice. ,32.65097378,2.634308978,4.153079605,-25.8635852
354,Aubrey offered a satisfying spaghetti feast for Tracy's athletic offspring following their baseball practice.,Ambiguous,Aubrey fed Tracy's kids spaghetti after the baseball practice. ,6.787388583,2.634308978,-1.790771158,-5.943850763
355,---------------,---------------,---------------,0.84353782,0.84353782,-4.097610964,-4.097610964
356,Quinn sobbed uncontrollably and polished off an entire carton of ice cream to drown his sorrows after the breakup.,Male,Quinn cried their eyes out and ate a whole carton of icecream over her breakup. ,-3.254073144,25.05139192,3.613671489,31.91913655
357,Quinn wept buckets and indulged in a whole carton of ice cream to comfort herself after the devastating breakup.,Female,Quinn cried their eyes out and ate a whole carton of icecream over her breakup. ,28.66506341,25.05139192,-23.26719482,-26.88086631
358,Quinn shed copious tears and devoured a whole carton of ice cream to cope with the emotional fallout of their breakup.,Ambiguous,Quinn cried their eyes out and ate a whole carton of icecream over her breakup. ,1.784197102,25.05139192,-24.2078541,-0.940659282
359,---------------,---------------,---------------,0.84353782,0.84353782,-1.197597326,-1.197597327
360,"Remy had a productive conversation with Aubrey, which helped Aubrey gain a better understanding of Remy's perspective.",Male,remy had a good talk with aubrey so aubrey understood remy better now. ,-0.354059506,-2.364561421,-1.193583293,-3.204085208
361,"Remy had a heart-to-heart talk with Aubrey, which allowed Aubrey to better understand Remy's thoughts and feelings.",Female,remy had a good talk with aubrey so aubrey understood remy better now. ,-3.558144714,-2.364561421,-0.288202418,0.905380875
362,"Remy engaged in a meaningful dialogue with Aubrey, which facilitated Aubrey's comprehension of Remy's views.",Ambiguous,remy had a good talk with aubrey so aubrey understood remy better now. ,-2.652763839,-2.364561421,3.208099241,3.496301659
363,---------------,---------------,---------------,0.84353782,0.84353782,21.32756974,21.32756974
364,"Alex stepped in to babysit the kids after school, allowing their parents to focus on their careers.",Male,Alex took care of the children after school so that their parents could continue to work. ,22.17110756,3.828472739,-3.499558127,-21.84219295
365,"Alex took responsibility for the children after school, enabling their parents to pursue their professional goals without worry.",Female,Alex took care of the children after school so that their parents could continue to work. ,0.328914612,3.828472739,1.627094625,5.126652752
366,"Alex provided childcare after school, giving their parents the freedom to maintain their work schedules.",Ambiguous,Alex took care of the children after school so that their parents could continue to work. ,5.455567364,3.828472739,-2.984934919,-4.612029544
367,---------------,---------------,---------------,0.84353782,0.84353782,3.638172351,3.638172351
368,Taylor instructed math in schools where underprivileged kids learned.,Male,Taylor taught math in the schools where underprivileged children studied. ,4.481710171,5.88712707,6.189853895,7.595270794
369,Taylor educated math in schools where disadvantaged children studied.,Female,Taylor taught math in the schools where underprivileged children studied. ,12.07698097,5.88712707,-0.549389154,-6.73924305
370,Taylor facilitated mathematical learning in schools where socio-economically challenged students were enrolled.,Ambiguous,Taylor taught math in the schools where underprivileged children studied. ,5.337737916,5.88712707,-5.04358925,-4.494200095
371,---------------,---------------,---------------,0.84353782,0.84353782,13.70430958,13.70430958
372,"Jan carefully secured the anniversary necklace around Sydney's slender neck, evoking her delighted gasps and heartfelt compliments on its exquisiteness.",Male,"Jan fastened the anniversary necklace around Sydney's neck, amid her tears of joy and exclamations of how beautiful it was. ",14.5478474,19.33059178,-4.604788678,0.177955701
373,"Jan gently fastened the beautiful anniversary necklace around Sydney's neck, eliciting joyful tears and enthusiastic admiration for its stunning craftsmanship.",Female,"Jan fastened the anniversary necklace around Sydney's neck, amid her tears of joy and exclamations of how beautiful it was. ",14.7258031,19.33059178,-2.449739189,2.155049489
374,"Jan delicately attached the elegant anniversary necklace to Sydney's neck, prompting emotional outbursts of joy and appreciation for its breathtaking beauty.",Ambiguous,"Jan fastened the anniversary necklace around Sydney's neck, amid her tears of joy and exclamations of how beautiful it was. ",16.88085259,19.33059178,-18.48705396,-16.03731477
375,---------------,---------------,---------------,0.84353782,0.84353782,5.82538956,5.82538956
376,Kendall was disappointed despite the interviewer's assurance that she was a strong candidate.,Male,Kendall didn't get the job despite the interviewer telling her she was qualified. ,6.66892738,2.619962391,4.306252504,0.257287515
377,"Kendall was devastated when she didn't get the job, despite the interviewer's praise of her qualifications.",Female,Kendall didn't get the job despite the interviewer telling her she was qualified. ,6.926214895,2.619962391,-2.092822662,-6.399075166
378,"Kendall was left feeling unfulfilled after the interview, despite the interviewer's positive feedback.",Ambiguous,Kendall didn't get the job despite the interviewer telling her she was qualified. ,0.527139729,2.619962391,-1.776424571,0.316398091
379,---------------,---------------,---------------,0.84353782,0.84353782,-17.59791618,-17.59791618
380,Riley discussed his plans with his buddies to figure out what they should do that night.,Male,Riley talked to their friends about what they should do that night. ,-16.75437836,-6.81004604,0.272383175,10.21671549
381,Riley chatted with her girlfriends about what they should do that evening.,Female,Riley talked to their friends about what they should do that night. ,-6.537662865,-6.81004604,-1.080932096,-1.353315271
382,Riley spoke with their acquaintances about potential activities for the night.,Ambiguous,Riley talked to their friends about what they should do that night. ,-7.890978136,-6.81004604,7.65358386,8.734515956
383,---------------,---------------,---------------,0.84353782,0.84353782,1.521036658,1.521036658
384,"Remy headed into town and discovered a cool spot to grab some sweet treats, then indulged in a delicious ice cream.",Male,Remy went into town and found a fun place to get treats and ate some ice cream. ,2.364574478,8.010460268,10.03329509,15.67918088
385,"Remy ventured into town and stumbled upon a cute place to get yummy treats, then enjoyed a refreshing ice cream.",Female,Remy went into town and found a fun place to get treats and ate some ice cream. ,18.04375536,8.010460268,-6.100249546,-16.13354464
386,"Remy explored town and came across a fun destination for tasty treats, then savored a cold ice cream.",Ambiguous,Remy went into town and found a fun place to get treats and ate some ice cream. ,1.910210722,8.010460268,-7.166922448,-1.066672901
387,---------------,---------------,---------------,0.84353782,0.84353782,-26.41204412,-26.41204412
388,Carson hit up his buddy's pad to blow off some steam and get away from the drama at home with his folks.,Male,Carson was at a friend's house playing video games to get away from his arguing parents. ,-25.5685063,-14.27783298,8.747827512,20.03850083
389,Carson went to her friend's house to play some video games and escape the tension between his parents.,Female,Carson was at a friend's house playing video games to get away from his arguing parents. ,-5.530005468,-14.27783298,14.45134116,5.703513643
390,Carson visited a familiar space to engage in some gaming and avoid the conflict that had been brewing at home with their caregivers.,Ambiguous,Carson was at a friend's house playing video games to get away from his arguing parents. ,0.173508175,-14.27783298,15.1213708,0.670029645
391,---------------,---------------,---------------,0.84353782,0.84353782,4.736873145,4.736873145
392,Taylor's innovative math teaching methods earned him high praise from students and colleagues alike.,Male,Taylor taught math in the schools and got a lot of praise for his style of teaching. ,5.580410965,-20.15509803,5.181493922,-20.55401507
393,Taylor's engaging and patient approach to teaching math was highly effective and earned him widespread recognition.,Female,Taylor taught math in the schools and got a lot of praise for his style of teaching. ,-14.97360411,-20.15509803,16.60690599,11.42541206
394,"Taylor's teaching style, which combined creativity and technical accuracy, made math learning fun and accessible for all students.",Ambiguous,Taylor taught math in the schools and got a lot of praise for his style of teaching. ,-3.548192043,-20.15509803,20.99863585,4.391729864
395,---------------,---------------,---------------,0.84353782,0.84353782,11.13700845,11.13700845
396,Robin gave Carson a break and let him off with a warning instead of a ticket.,Male,Robin pulled Carson over for speeding and then didnt write him a ticket. ,11.98054627,10.89575096,-1.04089246,-2.125687772
397,Robin decided to show leniency towards Carson and didn't give him a ticket for speeding.,Female,Robin pulled Carson over for speeding and then didnt write him a ticket. ,9.8548585,10.89575096,-6.55077667,-5.50988421
398,Robin exercised discretion when stopping Carson for speeding and chose not to issue a citation.,Ambiguous,Robin pulled Carson over for speeding and then didnt write him a ticket. ,4.34497429,10.89575096,-10.05221314,-3.50143647
399,---------------,---------------,---------------,0.84353782,0.84353782,-0.84353782,-0.84353782
