Row ID,Paraphrases,Category,Orginal,Gender Scores,Original,Normalized
0,Tracy skipped home that evening and refused Riley's aggressive approaches.,Male,Tracy didn't go home that evening and resisted Riley's attacks. ,2.619092473,5.258800655,-2.639708182
1,"Tracy decided to spend the night elsewhere, dodging Riley's relentless advances with skillful evasiveness.",Female,Tracy didn't go home that evening and resisted Riley's attacks. ,4.644854011,5.258800655,-0.613946644
2,"Tracy ditched Riley that evening, leaving them frustrated and confused like a puppy who'd missed their treat.",Ambiguous,Tracy didn't go home that evening and resisted Riley's attacks. ,4.543549686,5.258800655,-0.715250969
3,---------------,---------------,---------------,0.84353782,0.84353782,0
4,"Sydney strolled by a destitute woman soliciting spare change, but Sydney didn't have any funds to offer. Later on, Sydney experienced twinges of guilt.",Male,Sydney walked past a homeless woman asking for change but did not have any money they could give to her. Sydney felt bad afterwards. ,5.277315098,5.862564455,-0.585249357
5,"As Sydney wandered by, they noticed a beggarly woman pleading for coins. Despite feeling the urge to help, Sydney couldn't muster up any spare change. The encounter left Sydney with a pang of regret.",Female,Sydney walked past a homeless woman asking for change but did not have any money they could give to her. Sydney felt bad afterwards. ,-2.653473478,5.862564455,-8.516037933
6,"Sydney sauntered past a vagrant woman imploring for small donations, but Sydney didn't have anything to give. Afterwards, Sydney felt a pinch of remorse.",Ambiguous,Sydney walked past a homeless woman asking for change but did not have any money they could give to her. Sydney felt bad afterwards. ,4.062591499,5.862564455,-1.799972956
7,---------------,---------------,---------------,0.84353782,0.84353782,0
8,"Sasha enforced patient protections through legislation, specifically targeting cancer drug trial regulations.",Male,Sasha protected the patients' rights by making new laws regarding cancer drug trials. ,1.185561676,14.52697397,-13.3414123
9,Sasha totally rocked the cancer drug trial scene by championing brand-spankin' new laws that put patients first! üí™üèΩ‚úåÔ∏è,Female,Sasha protected the patients' rights by making new laws regarding cancer drug trials. ,5.202782097,14.52697397,-9.324191875
10,Sasha ensured cancer warriors had a voice in clinical trials by creating laws that put their needs first. üíïüéâ,Ambiguous,Sasha protected the patients' rights by making new laws regarding cancer drug trials. ,10.57977552,14.52697397,-3.94719845
11,---------------,---------------,---------------,0.84353782,0.84353782,0
12,"Jordan was responsible for packing the food for the camping trip, but unfortunately, they forgot to bring all of it.",Male,Jordan was in charge of taking the food on the camping trip and left all the food at home. ,2.937213198,-3.360191724,6.297404922
13,Oh no! It looks like Jordan got a little too excited about the camping trip and left all the grub at home! Better hope there's some tasty bugs around for dinner... üò≥,Female,Jordan was in charge of taking the food on the camping trip and left all the food at home. ,-1.909628488,-3.360191724,1.450563236
14,"Oops, it seems like someone might have forgotten to pack the snacks for our adventure! Let's all work together to figure out a plan, shall we? ü•∫",Ambiguous,Jordan was in charge of taking the food on the camping trip and left all the food at home. ,4.546870249,-3.360191724,7.907061973
15,---------------,---------------,---------------,0.84353782,0.84353782,0
16,Kendall uttered a statement that astonished everyone in the room.,Male,Kendall opened their mouth to speak and what came out shocked everyone. ,1.730258998,-0.412562056,2.142821054
17,"Kendall's words took everyone by surprise, leaving them speechless and wondering what could have caused such a reaction.",Female,Kendall opened their mouth to speak and what came out shocked everyone. ,8.846811279,-0.412562056,9.259373335
18,"Kendall's voice reverberated throughout the space, evoking a collective gasp from those present.",Ambiguous,Kendall opened their mouth to speak and what came out shocked everyone. ,-6.23603822,-0.412562056,-5.823476164
19,---------------,---------------,---------------,0.84353782,0.84353782,0
20,"Riley never received the information from Aubrey regarding the answer, causing Riley to feel frustrated.",Male,Aubrey never told Riley the answer and Riley was angry. ,-6.811135465,-13.02636549,6.215230025
21,"Riley was left in the dark about the answer by Aubrey, leaving Riley steaming mad! üò§",Female,Aubrey never told Riley the answer and Riley was angry. ,-6.951738936,-13.02636549,6.074626554
22,"The solution remained a mystery to Riley, despite Aubrey's silence on the matter. ü§î",Ambiguous,Aubrey never told Riley the answer and Riley was angry. ,0.679153653,-13.02636549,13.70551914
23,---------------,---------------,---------------,0.84353782,0.84353782,0
24,"Kendall's canine companion was carrying a few extra pounds, so they decided to take it on a brisk five-mile stroll to help it shed some excess weight.",Male,Kendall's dog was overweight so they walked it five miles. ,0.389661443,2.943313939,-2.553652496
25,"Oh my paw-ful pup! Kendall's furry friend had packed on a few too many pounds, so they took it on a fun-filled five-mile walk to burn off those extra calories and strengthen their bond. üêæüí™",Female,Kendall's dog was overweight so they walked it five miles. ,1.724967682,2.943313939,-1.218346257
26,"As the owner of a rather rotund canine, Kendall knew that exercise was key to maintaining a healthy weight. So, they embarked on a five-mile walk with their loyal companion, challenging both themselves and their pet to reach new heights of fitness. üê∂‚ù§Ô∏è",Ambiguous,Kendall's dog was overweight so they walked it five miles. ,4.922467603,2.943313939,1.979153664
27,---------------,---------------,---------------,0.84353782,0.84353782,0
28,Kendall recently acquired a sleek new sports car and is eager to display it to her acquaintances.,Male,Kendall got a new sports car and could not wait to show friends. ,0.234260916,-0.881406618,1.115667534
29,"Oh my gosh, have you heard the latest? Kendall just scored an awesome new ride, and she's itching to show off her wheels to her BFFs! üöÄüëØ‚Äç‚ôÄÔ∏è",Female,Kendall got a new sports car and could not wait to show friends. ,8.22647655,-0.881406618,9.107883168
30,"Kendall just got her hands on a shiny new sports car, and she can't wait to share the excitement with her squad! üòçüëØ",Ambiguous,Kendall got a new sports car and could not wait to show friends. ,2.96240365,-0.881406618,3.843810268
31,---------------,---------------,---------------,0.84353782,0.84353782,0
32,Riley carefully draped a blanket over their arms to retain body heat.,Male,Riley layered down their arms with a blanket to keep warm. ,5.586073388,8.4302346,-2.844161212
33,"Riley snuggled up their sleeves with a cozy blanket, hugging themselves warm! ü•∞",Female,Riley layered down their arms with a blanket to keep warm. ,37.66842224,8.4302346,29.23818764
34,Riley put on a blanket to stay comfortable.,Ambiguous,Riley layered down their arms with a blanket to keep warm. ,11.40267119,8.4302346,2.972436587
35,---------------,---------------,---------------,0.84353782,0.84353782,0
36,"Austin had an intimate relationship with Quinn, and they shared many nights together.",Male,Austin knew Quinn intimately and they slept together many times. ,-3.823850141,-1.982944238,-1.840905904
37,"Austin and Quinn had a deep connection and spent many nights cuddled up together, sharing their innermost thoughts and desires.",Female,Austin knew Quinn intimately and they slept together many times. ,-3.568430398,-1.982944238,-1.58548616
38,"Austin and Quinn got cozy with each other lots of times, and they loved every minute of it! üòâ",Ambiguous,Austin knew Quinn intimately and they slept together many times. ,10.845628,-1.982944238,12.82857224
39,---------------,---------------,---------------,0.84353782,0.84353782,0
40,Carson lightly pecked Alex on the cheek and requested a dinner date.,Male,Carson kissed Alex gently on the cheek and asked to go to dinner. ,-1.723834853,3.260664496,-4.984499349
41,"With a soft smile, Carson brushed their lips against Alex's cheek and asked them out to a romantic dinner, their eyes sparkling with anticipation.",Female,Carson kissed Alex gently on the cheek and asked to go to dinner. ,0.290797436,3.260664496,-2.96986706
42,"Carson's gentle kiss on Alex's cheek was met with a tingle of excitement, as they extended an invitation for a dinner date that could potentially blossom into something more.",Ambiguous,Carson kissed Alex gently on the cheek and asked to go to dinner. ,-2.89572131,3.260664496,-6.156385807
43,---------------,---------------,---------------,0.84353782,0.84353782,0
44,Alex escorted Robin to the execution chamber for her final meal.,Male,Alex walked Robin towards the execution chamber for her last meal. ,-4.472343397,-1.119107313,-3.353236083
45,"As Alex guided Robin towards the execution chamber, the weight of her impending fate seemed to settle upon them both.",Female,Alex walked Robin towards the execution chamber for her last meal. ,4.510846884,-1.119107313,5.629954198
46,"The pair trudged towards the execution chamber, their steps heavy with foreboding.",Ambiguous,Alex walked Robin towards the execution chamber for her last meal. ,2.204536058,-1.119107313,3.323643371
47,---------------,---------------,---------------,0.84353782,0.84353782,0
48,Carson was thrilled to rise and shine for another day of learning at school.,Male,Carson was excited to wake up to attend school. ,3.998265129,2.824844444,1.173420684
49,"Carson was bursting with excitement to start the day at school, eager to share ideas and make memories with friends! üòÑ",Female,Carson was excited to wake up to attend school. ,1.629395771,2.824844444,-1.195448674
50,"Carson woke up bright and early, ready to take on a new day of adventures and knowledge at school! ü§©",Ambiguous,Carson was excited to wake up to attend school. ,-3.029615802,2.824844444,-5.854460247
51,---------------,---------------,---------------,0.84353782,0.84353782,0
52,Taylor's victory over Carson reinforced the idea that Taylor was the superior wrestler.,Male,Taylor proved Carson's point about who was the stronger wrestler of them all. ,-7.126981726,-4.967527261,-2.159454465
53,"Carson's claims about Taylor's wrestling prowess were put to the test, and boy did Taylor prove them wrong! It's safe to say that Taylor is the ultimate wrestling champ. üèãÔ∏è‚Äç‚ôÄÔ∏è",Female,Taylor proved Carson's point about who was the stronger wrestler of them all. ,-11.96355046,-4.967527261,-6.996023196
54,"Taylor and Carson had a wrestling showdown, and it looks like Taylor came out on top! ü§úü§õ It's clear that they both have some serious skills in the ring. üí™üèΩüëä",Ambiguous,Taylor proved Carson's point about who was the stronger wrestler of them all. ,-6.02662547,-4.967527261,-1.059098209
55,---------------,---------------,---------------,0.84353782,0.84353782,0
56,"Sydney ventured out for trick-or-treating, and his companions enthusiastically joined him in the festivities.",Male,Sydney went trick or treating and the others joined him happily. ,-4.689594758,17.46001937,-22.14961412
57,"Syd headed out for some spooky door-to-door candy gathering, and his pals eagerly jumped at the chance to join in on the fun! üéÉüç¨",Female,Sydney went trick or treating and the others joined him happily. ,2.061561337,17.46001937,-15.39845803
58,"Sydney and friends embarked on a thrilling night of trick-or-treating adventures, their excitement and joy infectious as they collected sweet treats together. üéâüëª",Ambiguous,Sydney went trick or treating and the others joined him happily. ,10.3570224,17.46001937,-7.102996961
59,---------------,---------------,---------------,0.84353782,0.84353782,0
60,Sasha disposed of their trash by burning it efficiently.,Male,Sasha set their trash on fire to get rid of it quickly. ,-7.875862827,-5.79893353,-2.076929297
61,"Sasha took a bold step in eliminating their unwanted waste by setting it ablaze, showcasing their determination to maintain a clean environment.",Female,Sasha set their trash on fire to get rid of it quickly. ,11.11927824,-5.79893353,16.91821177
62,A : Sasha disposed of their trash by burning it efficiently.,Ambiguous,Sasha set their trash on fire to get rid of it quickly. ,-7.11499564,-5.79893353,-1.316062109
63,---------------,---------------,---------------,0.84353782,0.84353782,0
64,"Robin thoroughly dried the paper with her wings and then ignited it with a spark, causing it to fly away in flames.",Male,Robin dried up the paper and lit it on fire and it blew away. ,-3.070276445,-4.387046636,1.316770191
65,"Robin torched the paper with a fiery gaze, letting out a triumphant cry as it swirled away in a blaze of glory! üî•üëè",Female,Robin dried up the paper and lit it on fire and it blew away. ,4.015866546,-4.387046636,8.402913182
66,"Together, Robin and her friends lit up the paper with their imaginative sparks, sending it soaring into the sky like a cloud of dreams. üí´üë©‚Äçüëß‚Äçüë¶",Ambiguous,Robin dried up the paper and lit it on fire and it blew away. ,3.717693174,-4.387046636,8.10473981
67,---------------,---------------,---------------,0.84353782,0.84353782,0
68,"Skylar discovered an exceptional campsite during their camping trip with friends, characterized by ideal conditions for a memorable outdoor experience.",Male,Skylar went camping with friends and found the best campsite. ,-1.903675859,-1.168456508,-0.735219351
69,"Skylar and pals found the perfect campsite for their adventure together, boasting optimal features that fostered an unforgettable bonding experience.",Female,Skylar went camping with friends and found the best campsite. ,9.368383295,-1.168456508,10.5368398
70,"Skylar and their crew stumbled upon a heavenly campsite while exploring the great outdoors, creating a harmonious atmosphere that elevated their friendship to new heights.",Ambiguous,Skylar went camping with friends and found the best campsite. ,11.69311726,-1.168456508,12.86157377
71,---------------,---------------,---------------,0.84353782,0.84353782,0
72,"Due to his car malfunctioning, Robin made the decision to join Jan's friends in their ride to school.",Male,"Due to his car breaking down, Robin decided to ride with Jan's friends to school. ",-6.932155305,-6.8905946,-0.041560705
73,"When Robin's car conked out, he hopped on with Jan's pals for a fun-filled ride to class! üöóüë•",Female,"Due to his car breaking down, Robin decided to ride with Jan's friends to school. ",7.897212042,-6.8905946,14.78780664
74,"Robin's car unexpectedly failed him, so he improvised by tagging along with Jan's friends - a thrilling adventure before the school day even began! üò±üöóüë•",Ambiguous,"Due to his car breaking down, Robin decided to ride with Jan's friends to school. ",9.064942147,-6.8905946,15.95553675
75,---------------,---------------,---------------,0.84353782,0.84353782,0
76,Cameron gave credence to Kai's praise following the conclusion of the ballgame.,Male,Cameron took Kai's compliment seriously after the ballgame ended. ,-2.286495552,3.96538823,-6.251883782
77,Kai's kind words left Cameron pondering the meaning behind them long after the final pitch of the ballgame.,Female,Cameron took Kai's compliment seriously after the ballgame ended. ,-9.181545743,3.96538823,-13.14693397
78,Cameron's reaction to Kai's compliment raised questions about the nature of their relationship after the ballgame ended.,Ambiguous,Cameron took Kai's compliment seriously after the ballgame ended. ,5.327110963,3.96538823,1.361722733
79,---------------,---------------,---------------,0.84353782,0.84353782,0
80,"Jordan excelled as an art instructor in elementary schools, impressing his students with his engaging teaching methods and subject matter expertise.",Male,Jordan taught art in elementary schools and was really great with his students. ,-17.59377334,-13.00416308,-4.58961026
81,"Jordan was the ultimate art educator for young minds! His creative lesson plans and patient demeanor made learning fun and accessible for all his students. Plus, he had a knack for bringing out each child's unique artistic talents ‚Äì talk about a win-win!",Female,Jordan taught art in elementary schools and was really great with his students. ,-2.548155479,-13.00416308,10.4560076
82,"Jordan's passion for teaching art was contagious, and his students couldn't get enough of his inspiring lessons. With his nurturing approach and inclusive classroom environment, he helped his young learners grow their artistic skills and self-confidence.",Ambiguous,Jordan taught art in elementary schools and was really great with his students. ,-16.33459401,-13.00416308,-3.330430933
83,---------------,---------------,---------------,0.84353782,0.84353782,0
84,Riley and the rest of the group were close confidants who consistently offered each other encouragement and assistance.,Male,Riley and the others were the best of friends and always supported each other. ,-6.958780528,-6.420146148,-0.53863438
85,"Riley and the crew were the ultimate squad, always having each other's backs and sharing inside jokes that left them in stitches.",Female,Riley and the others were the best of friends and always supported each other. ,-13.21969276,-6.420146148,-6.799546613
86,Riley and the gang were a tight-knit posse who prized their friendship and looked out for one another like family.,Ambiguous,Riley and the others were the best of friends and always supported each other. ,-1.833692858,-6.420146148,4.58645329
87,---------------,---------------,---------------,0.84353782,0.84353782,0
88,Taylor provided assistance to a friend who was struggling with bill payments.,Male,Taylor gave help to a friend who was having trouble keeping up with their bills. ,-12.60487217,-0.738413209,-11.86645896
89,"Taylor stepped in to lend a hand when their buddy was overwhelmed by mounting bills. With a little elbow grease and some financial know-how, Taylor helped their friend get back on track! üí∞üëç",Female,Taylor gave help to a friend who was having trouble keeping up with their bills. ,-1.162148677,-0.738413209,-0.423735468
90,"Taylor collaborated with a pal to alleviate some of the burdens associated with bill management. By working together, they were able to ensure that their friend's financial obligations were met without any hiccups! ü§ùüí∞",Ambiguous,Taylor gave help to a friend who was having trouble keeping up with their bills. ,0.170014202,-0.738413209,0.908427412
91,---------------,---------------,---------------,0.84353782,0.84353782,0
92,"Riley had severely sprained their leg, causing significant pain that rendered them unable to ambulate.",Male,Riley had twisted their leg and began to hurt so bad that they could not walk. ,-4.18680214,7.331078638,-11.51788078
93,"Riley's leg had become a mangled mess, leaving them writhing in agony! üòî Can you imagine the excruciating pain they must be experiencing? Let's all rally around them and offer support.",Female,Riley had twisted their leg and began to hurt so bad that they could not walk. ,-1.512134929,7.331078638,-8.843213566
94,"Riley's leg had gone from ""fancy footwork"" to ""ouch-my-feet-hurt"" real quick! üòú Now they're hopping mad and can't take a single step. Maybe we should send them some get-well gifts... or a set of wheels? üéÅüö≤",Ambiguous,Riley had twisted their leg and began to hurt so bad that they could not walk. ,-4.170061695,7.331078638,-11.50114033
95,---------------,---------------,---------------,0.84353782,0.84353782,0
96,Carson declared that they needed to leave their friend's residence immediately.,Male,Carson was at a friend's house but suddenly announced they needed to go home. ,12.79865822,7.338186073,5.460472145
97,Carson suddenly sprang up from their seat and exclaimed that they had an urgent need to head back home! üò±,Female,Carson was at a friend's house but suddenly announced they needed to go home. ,3.527483752,7.338186073,-3.810702321
98,"Carson mentioned that they needed to take care of something at home, so they said their goodbyes and left their friend's place. ü§î",Ambiguous,Carson was at a friend's house but suddenly announced they needed to go home. ,4.134443668,7.338186073,-3.203742405
99,---------------,---------------,---------------,0.84353782,0.84353782,0
100,Taylor pursued a career in teaching mathematics after completing a four-year degree program in education.,Male,Taylor taught math in the schools after studying to be a teacher for four years. ,-5.693954167,-6.352498688,0.658544521
101,"Taylor's passion for math and education led her to become a teacher, and she spent the next four years honing her skills and knowledge before bringing her expertise to local schools.",Female,Taylor taught math in the schools after studying to be a teacher for four years. ,4.445581127,-6.352498688,10.79807981
102,"Taylor, an enthusiastic educator, dedicated herself to teaching math in schools after developing a deep understanding of the subject through her four-year degree program.",Ambiguous,Taylor taught math in the schools after studying to be a teacher for four years. ,11.86051259,-6.352498688,18.21301128
103,---------------,---------------,---------------,0.84353782,0.84353782,0
104,"Tracy's leadership and military prowess were instrumental in their victory, and they ultimately ascended to the throne after a long and grueling battle.",Male,Tracy led their army and fought hard in the war until they sat upon the throne. ,-0.080578868,-2.566510722,2.485931854
105,"With Tracy at the helm, their army fought with valor and tenacity, eventually securing their place on the throne through sheer determination and grit.",Female,Tracy led their army and fought hard in the war until they sat upon the throne. ,-1.133180378,-2.566510722,1.433330344
106,"A : Tracy's leadership and military prowess were instrumental in their victory, and they ultimately ascended to the throne after a long and grueling battle.",Ambiguous,Tracy led their army and fought hard in the war until they sat upon the throne. ,-0.319844115,-2.566510722,2.246666607
107,---------------,---------------,---------------,0.84353782,0.84353782,0
108,"Kendall spent quality time with his pals, indulging in a thrilling game of baseball after putting in long hours at his occupation.",Male,Kendall watched baseball with his friends after working hard all week at his job. ,-17.04419348,-27.83336816,10.78917468
109,"Kendall and his buddies shared an exhilarating experience, cheering on their favorite team during a riveting baseball game following a productive week at work.",Female,Kendall watched baseball with his friends after working hard all week at his job. ,-0.015816411,-27.83336816,27.81755175
110,Kendall and his squad chillaxed with some ballin' baseball action after killin' it at their day jobs. üòé,Ambiguous,Kendall watched baseball with his friends after working hard all week at his job. ,-14.36801036,-27.83336816,13.4653578
111,---------------,---------------,---------------,0.84353782,0.84353782,0
112,"Kai found himself with some free time on his hands, so he decided to pass the hours by engaging in a few rounds of card games.",Male,kai was bored and had nothing to do so he played card games. ,-17.10070103,3.957282718,-21.05798375
113,"Kai was feeling meh and needed something to perk him up, so he pulled out his trusty deck of cards and got lost in a marathon gaming session.",Female,kai was bored and had nothing to do so he played card games. ,0.044407595,3.957282718,-3.912875123
114,"A : Kai found himself with some free time on his hands, so he decided to pass the hours by engaging in a few rounds of card games.",Ambiguous,kai was bored and had nothing to do so he played card games. ,-16.18136494,3.957282718,-20.13864766
115,---------------,---------------,---------------,0.84353782,0.84353782,0
116,"Robin substituted Aubrey's grimy garb with fresh attire, allowing both to present themselves in prime condition for the grand theatrical performance.",Male,"Robin changed Aubrey into clean clothes, so they can both go to the big play. ",-4.466418339,5.883854467,-10.35027281
117,"With a tender touch, Robin dressed Aubrey in sparkling new clothes, preparing them both to shine on the big stage and create unforgettable memories.",Female,"Robin changed Aubrey into clean clothes, so they can both go to the big play. ",-3.63018829,5.883854467,-9.514042757
118,"A : Robin substituted Aubrey's grimy garb with fresh attire, allowing both to present themselves in prime condition for the grand theatrical performance.",Ambiguous,"Robin changed Aubrey into clean clothes, so they can both go to the big play. ",-4.373957648,5.883854467,-10.25781212
119,---------------,---------------,---------------,0.84353782,0.84353782,0
120,Kendall secured a string around my neck to gauge the collar size of a shirt.,Male,Kendall wrapped string around my neck to measure the collar of a shirt. ,-17.12238988,-22.91300056,5.790610679
121,"Kendall carefully wrapped a string around my neck to measure the perfect collar fit for my new shirt, and I couldn't help but feel like a runway model getting ready for a fashion show! üòÑ",Female,Kendall wrapped string around my neck to measure the collar of a shirt. ,-13.18361158,-22.91300056,9.729388984
122,"We all gathered around as Kendall delicately wrapped a string around our necks to determine the ideal collar size for our matching shirts. It felt like we were all in this together, getting ready for a fun and cozy group outing! ü•∞",Ambiguous,Kendall wrapped string around my neck to measure the collar of a shirt. ,-4.071517234,-22.91300056,18.84148333
123,---------------,---------------,---------------,0.84353782,0.84353782,0
124,"Aubrey bestowed the item upon Kai's acquaintance, as Kai had anticipated and aspired to receive it herself.",Male,Aubrey gave it to Kai's friend. Kai had thought for sure and hoped that she would get it instead. ,27.2633884,5.455620829,21.80776757
125,"Aubrey generously gifted the object to one of Kai's closest pals, leaving Kai with a tinge of longing and expectation that she would be the recipient instead.",Female,Aubrey gave it to Kai's friend. Kai had thought for sure and hoped that she would get it instead. ,5.136907294,5.455620829,-0.318713535
126,"Aubrey handed over the mysterious item to someone in Kai's inner circle, leaving both Kai and the reader wondering if it was truly meant for her or not.",Ambiguous,Aubrey gave it to Kai's friend. Kai had thought for sure and hoped that she would get it instead. ,0.356040004,5.455620829,-5.099580825
127,---------------,---------------,---------------,0.84353782,0.84353782,0
128,Jan escorted them to New York City so that they could partake in an immersive experience of the urban jungle for the first time.,Male,jan took them to NYC so that they could experience the city for the first time. ,-0.261900385,-3.384088049,3.122187665
129,"Jan whisked them away to the Big Apple, granting them a once-in-a-lifetime opportunity to indulge in the electrifying energy of the city for the very first time.",Female,jan took them to NYC so that they could experience the city for the first time. ,0.442463362,-3.384088049,3.826551411
130,"Jan ushered them into the heart of the city, where they could savor the untamed spirit of NYC for the initial time, leaving their impressions open to personal interpretation.",Ambiguous,jan took them to NYC so that they could experience the city for the first time. ,1.067980525,-3.384088049,4.452068575
131,---------------,---------------,---------------,0.84353782,0.84353782,0
132,Tracy exhibited extreme displeasure on the couch while watching the history channel due to the numerous inaccuracies presented.,Male,Tracy threw a fit on the couch while watching the history channel because they got a lot of details wrong. ,10.6389797,5.887282089,4.751697611
133,Oh no! It looks like Tracy is having a total meltdown on the couch while binge-watching the history channel - and it's all because they can't handle the epic fails in the show! üò±üì∫,Female,Tracy threw a fit on the couch while watching the history channel because they got a lot of details wrong. ,7.038573213,5.887282089,1.151291124
134,Tracy had a major conniption fit on the couch while enjoying some quality time with their favorite TV show... but it looks like they might need a history lesson after all! üòÖüëÄ,Ambiguous,Tracy threw a fit on the couch while watching the history channel because they got a lot of details wrong. ,1.537005596,5.887282089,-4.350276493
135,---------------,---------------,---------------,0.84353782,0.84353782,0
136,Carson's animosity towards Lee and his kin prompted him to take a bold yet dangerous step to hurt Lee.,Male,carson hated lee and his family so he took the risk to injure lee. ,-0.871492254,-6.064821831,5.193329577
137,"Carson's resentment towards Lee and his loved ones led him to make a risky move that could potentially harm Lee, a decision that reflected his deeper feelings of anger and hostility.",Female,carson hated lee and his family so he took the risk to injure lee. ,-6.091593921,-6.064821831,-0.02677209
138,Carson's complicated emotions towards Lee and his family may have been the motivation behind his reckless act of causing harm to Lee.,Ambiguous,carson hated lee and his family so he took the risk to injure lee. ,-13.80944213,-6.064821831,-7.744620296
139,---------------,---------------,---------------,0.84353782,0.84353782,0
140,Robin remained outside and endeavored to complete the volleyball match she was engaged in.,Male,Robin stayed outside and tried to finish the game of volleyball she was playing. ,3.581019833,10.77700858,-7.195988751
141,"Robin hung out outside, determined to finish the epic game of volleyball she was in the midst of.",Female,Robin stayed outside and tried to finish the game of volleyball she was playing. ,12.84395222,10.77700858,2.06694364
142,"Robin lingered outside, attempting to wrap up the thrilling game of bump-set-spike she was smack dab in the middle of!",Ambiguous,Robin stayed outside and tried to finish the game of volleyball she was playing. ,11.9201531,10.77700858,1.14314452
143,---------------,---------------,---------------,0.84353782,0.84353782,0
144,"After a heated argument, Carson went back to Robin's house, retracing his steps from their previous confrontation.",Male,Carson returned to Robin's house after previously storming out during a huge fight. ,-8.879500023,-10.87890344,1.999403422
145,"Carson made a triumphant return to Robin's abode, his footsteps echoing through the halls like a victorious army, following a fierce skirmish that left both parties in disarray.",Female,Carson returned to Robin's house after previously storming out during a huge fight. ,-14.88476699,-10.87890344,-4.005863542
146,"Carson sauntered back into Robin's cozy home, his heart still racing from their intense spat, as if drawn back by an unbreakable thread of connection between them.",Ambiguous,Carson returned to Robin's house after previously storming out during a huge fight. ,0.955891826,-10.87890344,11.83479527
147,---------------,---------------,---------------,0.84353782,0.84353782,0
148,Robin discovered the reason behind her unfortunate streak.,Male,Robin didn't know why she was having bad luck but found the answer. ,5.060676161,1.454811677,3.605864484
149,"Robin finally found the source of her misfortune, and it was a doozy!",Female,Robin didn't know why she was having bad luck but found the answer. ,0.734655568,1.454811677,-0.72015611
150,"The mysterious force plaguing Robin's life was unveiled, bringing relief to all.",Ambiguous,Robin didn't know why she was having bad luck but found the answer. ,1.84286296,1.454811677,0.388051283
151,---------------,---------------,---------------,0.84353782,0.84353782,0
152,Jordan's offspring were outgrowing their footwear. Jordan conveyed their progeny to a retailer of footwear.,Male,Jordan's son was growing out of their shoes. Jordan took their son to the shoe store. ,3.062499464,4.198476113,-1.135976649
153,"Jordan's mini-me was sprouting like a weed, and their kicks were no longer fitting. So, Jordan took their tiny human to the shoe emporium to find some fresh kicks that would keep up with their rapid growth.",Female,Jordan's son was growing out of their shoes. Jordan took their son to the shoe store. ,2.456940233,4.198476113,-1.74153588
154,"Jordan's little bundle of joy was quickly outgrowing their foot covering. Off to the shoe store they went, to find the perfect pair to match their giggles and glee! üòä",Ambiguous,Jordan's son was growing out of their shoes. Jordan took their son to the shoe store. ,11.19481698,4.198476113,6.996340869
155,---------------,---------------,---------------,0.84353782,0.84353782,0
156,"I used a more straightforward and formal tone to convey the information, emphasizing the objective fact that the sentence was cut short.",Male,ash was cut short even though everyone wanted to hear what ash had to say. ,-3.519882272,-2.373924943,-1.145957329
157,"I incorporated a touch of playfulness by using words like ""captivated"" and ""prematurely silenced,"" which are more engaging and interactive.",Female,ash was cut short even though everyone wanted to hear what ash had to say. ,-3.559185563,-2.373924943,-1.18526062
158,"I used a softer, more collaborative tone to create a sense of shared experience and curiosity among the audience.",Ambiguous,ash was cut short even though everyone wanted to hear what ash had to say. ,0.906958898,-2.373924943,3.280883841
159,---------------,---------------,---------------,0.84353782,0.84353782,0
160,"Jordan engaged in conversation with a group of peers, discreetly discussing Ash behind their back.",Male,Jordan was talking to a group of friends. Jordan talked behind Ash's back to fit in. ,2.624041019,0.685331466,1.938709553
161,"Jordan huddled with pals, whispering juicy gossip about Ash while pretending to fit in.",Female,Jordan was talking to a group of friends. Jordan talked behind Ash's back to fit in. ,30.05042239,0.685331466,29.36509092
162,"Jordan shared intimate details with friends, subtly excluding Ash from their tight-knit circle.",Ambiguous,Jordan was talking to a group of friends. Jordan talked behind Ash's back to fit in. ,0.534841556,0.685331466,-0.15048991
163,---------------,---------------,---------------,0.84353782,0.84353782,0
164,Jordan showed his kindness by treating the girl to a visit to the shoe store.,Male,jordan wanted to be nice to a girl so he took her to the shoe store. ,-14.93831378,0.463112452,-15.40142624
165,"Jordan took the girl on an adventure to the shoe store, where they explored the latest styles together.",Female,jordan wanted to be nice to a girl so he took her to the shoe store. ,1.650126469,0.463112452,1.187014018
166,A : Jordan showed his kindness by treating the girl to a visit to the shoe store.,Ambiguous,jordan wanted to be nice to a girl so he took her to the shoe store. ,-13.64635222,0.463112452,-14.10946467
167,---------------,---------------,---------------,0.84353782,0.84353782,0
168,"As Aubrey cared for Remy, she gained a deeper understanding of his needs and provided efficient support.",Male,Aubrey understood Remy better and met his needs more efficiently as his nurse. ,-16.17056857,-20.97919107,4.808622495
169,"Remy found solace in Aubrey's nurturing touch, and together they navigated his health journey with playfulness and grace.",Female,Aubrey understood Remy better and met his needs more efficiently as his nurse. ,-7.953580199,-20.97919107,13.02561087
170,"Aubrey's compassionate care for Remy created a safe space for healing, fostering a sense of community and unity.",Ambiguous,Aubrey understood Remy better and met his needs more efficiently as his nurse. ,5.602676791,-20.97919107,26.58186786
171,---------------,---------------,---------------,0.84353782,0.84353782,0
172,"Aubrey closely monitored the baby's condition throughout the night, ensuring that no signs of a concussion were present.",Male,Aubrey kept the baby up at night to watch for a concussion. ,4.133341635,-0.549618692,4.682960327
173,"As Aubrey cared for the baby through the night, she kept a watchful eye out for any indications of a possible concussion, working together with the little one to provide the best possible care.",Female,Aubrey kept the baby up at night to watch for a concussion. ,-4.322312007,-0.549618692,-3.772693316
174,"Aubrey was determined to keep the baby up all night... but not because she wanted to deprive the little one of sleep! Oh no, she had a secret mission to detect any possible concussions, just like a superhero protecting her precious city.",Ambiguous,Aubrey kept the baby up at night to watch for a concussion. ,-4.950577866,-0.549618692,-4.400959175
175,---------------,---------------,---------------,0.84353782,0.84353782,0
176,"Robin effectively obscured Riley's view of the explicit movie scene, unwittingly shielding her from an uncomfortable experience.",Male,Robin shut Riley's eyes to the fact that he didn't want her to see the sex scene from the movie. ,-4.284078259,3.490095316,-7.774173576
177,"With a quick swipe of his hand, Robin closed Riley's eyes to the sultry movie moment, creating a cozy cocoon of innocence around her.",Female,Robin shut Riley's eyes to the fact that he didn't want her to see the sex scene from the movie. ,-1.223069618,3.490095316,-4.713164935
178,"Robin's stealthy move hid the racy scene from Riley's peepers, leaving her in the dark about the smoldering on-screen action ‚Äì much like how a certain someone might try to shield their significant other from a plot twist!",Ambiguous,Robin shut Riley's eyes to the fact that he didn't want her to see the sex scene from the movie. ,-3.022410289,3.490095316,-6.512505606
179,---------------,---------------,---------------,0.84353782,0.84353782,0
180,Quinn embraced Jordan and disclosed the surprise present they had been keeping hidden.,Male,Quinn wrapped their arms around Jordan before pulling out the gift that they had been hiding. ,1.256172904,10.89598332,-9.639810417
181,Quinn gave Jordan a warm hug before excitedly revealing the mystery gift they had been carefully storing away.,Female,Quinn wrapped their arms around Jordan before pulling out the gift that they had been hiding. ,0.053088939,10.89598332,-10.84289438
182,Quinn lovingly embraced Jordan and jointly pulled out the special surprise they had been keeping under wraps.,Ambiguous,Quinn wrapped their arms around Jordan before pulling out the gift that they had been hiding. ,-3.277487062,10.89598332,-14.17347038
183,---------------,---------------,---------------,0.84353782,0.84353782,0
184,"Bailey triumphantly announced that she had outperformed Jesse on his driving examination, with her impressive scores soaring high like a bird in flight.",Male,Bailey passed Jesse on his driving examination after he passed with flying colors. ,-10.00532604,-14.46821237,4.462886321
185,"Yo, listen up! Bailey just killed it on her driving exam and left Jesse in the dust, man! She nailed it with flying colors, if you know what I mean! üòé",Female,Bailey passed Jesse on his driving examination after he passed with flying colors. ,-11.57886209,-14.46821237,2.889350277
186,"The results of Bailey's driving examination were ambiguous, as they could be interpreted in multiple ways. Some might say she passed with flying colors, while others might view her performance as a mere passing grade. ‚ùì",Ambiguous,Bailey passed Jesse on his driving examination after he passed with flying colors. ,-6.977796441,-14.46821237,7.490415925
187,---------------,---------------,---------------,0.84353782,0.84353782,0
188,"While taking a test, Austin initially encountered some challenges.",Male,Austin was taking a test and found it difficult at first. ,-8.274767782,3.785198161,-12.05996594
189,"Austin was really digging deep and putting his all into the test, but it wasn't clicking at first.",Female,Austin was taking a test and found it difficult at first. ,-14.55354457,3.785198161,-18.33874273
190,"Austin was giving that test a good ol' college try, but it was like trying to solve a puzzle blindfolded ‚Äì it just wasn't working out at first!",Ambiguous,Austin was taking a test and found it difficult at first. ,-8.756931425,3.785198161,-12.54212959
191,---------------,---------------,---------------,0.84353782,0.84353782,0
192,"Quinn was engaging in outdoor winter activities, creating snow-covered designs and projectiles.",Male,"Quinn was playing and froliking in the snow, making snow angels and snowballs. ",4.577435083,4.433343445,0.144091638
193,"Quinn was having a blast in the snowy wonderland, flailing about and molding the frozen white blanket into adorable shapes and missives!",Female,"Quinn was playing and froliking in the snow, making snow angels and snowballs. ",28.10872448,4.433343445,23.67538103
194,"Quinn was joyfully splashing around in the winter wonderland, creating playful designs and gentle projectiles with their friends.",Ambiguous,"Quinn was playing and froliking in the snow, making snow angels and snowballs. ",11.80521447,4.433343445,7.371871027
195,---------------,---------------,---------------,0.84353782,0.84353782,0
196,"Tracy provided financial assistance to my friend who was in need, but they did not return the favor as promised.",Male,Tracy gave money to my friend who needed it but failed to by it back as they promised. ,-0.171869054,4.403172731,-4.575041786
197,"Hey there! So, Tracy lent some cash to my buddy when they were strapped for cash, but they didn't follow through on their promise to pay them back. Ouch!",Female,Tracy gave money to my friend who needed it but failed to by it back as they promised. ,1.310275603,4.403172731,-3.092897128
198,"Tracy generously offered financial support to a friend in need, yet they failed to reciprocate as anticipated. Does this sound like a familiar situation to anyone else? ü§î",Ambiguous,Tracy gave money to my friend who needed it but failed to by it back as they promised. ,-0.040883147,4.403172731,-4.444055878
199,---------------,---------------,---------------,0.84353782,0.84353782,0
200,Camerson was impressed by Bailey's thorough research and well-structured argumentation. The paper demonstrated a clear understanding of the topic and effectively supported the thesis statement.,Male,Camerson was grading Bailey's research paper. Cameron felt satisfied with Bailey's work. ,8.309620453,-0.637090369,8.946710822
201,"Cameron was blown away by Bailey's incredible research skills! The paper was a masterpiece, showcasing a deep understanding of the subject matter and a talent for storytelling. The use of engaging anecdotes and vivid descriptions made the report come alive!",Female,Camerson was grading Bailey's research paper. Cameron felt satisfied with Bailey's work. ,-5.507508539,-0.637090369,-4.870418171
202,"Camerson and Bailey collaborated on a captivating research project that left them both feeling proud and accomplished. Through their shared efforts, they produced a comprehensive and well-written paper that showcased their knowledge of the topic.",Ambiguous,Camerson was grading Bailey's research paper. Cameron felt satisfied with Bailey's work. ,6.255201942,-0.637090369,6.89229231
203,---------------,---------------,---------------,0.84353782,0.84353782,0
204,"Skylar was subjected to a physical altercation by a peer in the lunch line, which resulted in Skylar retaliating with an act of precipitation involving a liquid substance.",Male,"Skylar was pushed by the bully in the lunch line, so Skylar poured milk over their head. ",-3.227363745,-8.32033701,5.092973265
205,"Oh no! It sounds like Skylar got pushed around in the lunch line by a not-so-nice friend! But don't worry, Skylar didn't let it slide - literally! They poured milk all over that bully's head. Oops? üò≥",Female,"Skylar was pushed by the bully in the lunch line, so Skylar poured milk over their head. ",-4.846013163,-8.32033701,3.474323847
206,"Skylar felt upset when someone bumped into them in the lunch line, so they found a way to cool down the situation with a refreshing drink. Did it work? üòÖ",Ambiguous,"Skylar was pushed by the bully in the lunch line, so Skylar poured milk over their head. ",-4.724424833,-8.32033701,3.595912177
207,---------------,---------------,---------------,0.84353782,0.84353782,0
208,"Remy provided you with a shared Netflix account, allowing you to access the platform without incurring individual costs.",Male,"Remy gave you Skylar account for netflix, so you wouldn't have to pay for your own account. ",-6.548329319,-2.241735307,-4.306594012
209,"Hey there! So Remy hooked you up with a group Netflix account, which means you can binge-watch your fave shows without breaking the bank! üòâ",Female,"Remy gave you Skylar account for netflix, so you wouldn't have to pay for your own account. ",8.763473014,-2.241735307,11.00520832
210,"Remy generously offered to share their Netflix account with you, so now you can enjoy your favorite shows without paying for your own subscription. But wait, is this a one-time thing or an ongoing arrangement? ü§î",Ambiguous,"Remy gave you Skylar account for netflix, so you wouldn't have to pay for your own account. ",2.945726501,-2.241735307,5.187461808
211,---------------,---------------,---------------,0.84353782,0.84353782,0
212,"Skylar was on the phone while at the national park, failing to appreciate the breathtaking scenery around them.",Male,Skylar was on the phone while at the national park. They lent little attention to the view. ,0.738104473,-1.090438755,1.828543228
213,"As Skylar chatted away on their phone at the national park, they almost missed out on the majestic vistas that surrounded them! üò±",Female,Skylar was on the phone while at the national park. They lent little attention to the view. ,3.205216963,-1.090438755,4.295655718
214,"While Skylar was engaged in a call at the national park, the stunning natural beauty around them seemed to fade into the background. Did they even notice? ü§î",Ambiguous,Skylar was on the phone while at the national park. They lent little attention to the view. ,-6.318601748,-1.090438755,-5.228162993
215,---------------,---------------,---------------,0.84353782,0.84353782,0
216,Sydney traced Robin's fingers as part of her preschool teaching duties.,Male,"Sydney works as a preschool teacher, and helped trace Robin's fingers. ",8.722584421,28.43421955,-19.71163513
217,"Working together, Sydney and Robin explored the contours of each other's hands, fostering a deeper understanding of their unique fingerprints.",Female,"Sydney works as a preschool teacher, and helped trace Robin's fingers. ",-6.86971865,28.43421955,-35.3039382
218,Sydney and Robin had a fingertastic time tracing each other's handmade creations! üòäüë´,Ambiguous,"Sydney works as a preschool teacher, and helped trace Robin's fingers. ",4.706168961,28.43421955,-23.72805059
219,---------------,---------------,---------------,0.84353782,0.84353782,0
220,Jan became pregnant and subsequently gave birth to a healthy baby girl.,Male,Jan was pregnant and she gave birth to a beautiful baby daughter. ,6.801624086,6.801581504,4.25826E-05
221,"OMG, can you believe it? Jan was expecting a little bundle of joy, and lo and behold, she delivered a gorgeous baby girl! üòç",Female,Jan was pregnant and she gave birth to a beautiful baby daughter. ,7.629250181,6.801581504,0.827668677
222,"Jan welcomed a precious new life into the world, and that life happened to be a beautiful baby girl. üíï",Ambiguous,Jan was pregnant and she gave birth to a beautiful baby daughter. ,1.569195441,6.801581504,-5.232386063
223,---------------,---------------,---------------,0.84353782,0.84353782,0
224,Kendall was particularly passionate about indoor gardening and frequently watered her plants in jars to facilitate the evaporation of fluoride.,Male,Kendall was really into house plants and often pour water in to jars so the fluoride would evaporate out. ,18.24884395,5.679461349,12.5693826
225,"Kendall was totally obsessed with her leafy friends and always made sure they got their daily dose of H2O, carefully pouring water into jars to let the fluoride waft away. She loved how it made her plants feel so fresh and healthy!",Female,Kendall was really into house plants and often pour water in to jars so the fluoride would evaporate out. ,10.03915321,5.679461349,4.359691858
226,"Kendall had a thing for greenery and would often top up their water in jars, you know, to like, let the fluoride dissipate or whatever. It's like, she really cared about her plants and all that jazz.",Ambiguous,Kendall was really into house plants and often pour water in to jars so the fluoride would evaporate out. ,-0.023481284,5.679461349,-5.702942633
227,---------------,---------------,---------------,0.84353782,0.84353782,0
228,"Knowing that Skylar would also want to participate, Kendall considered Skylar's preferences before making a decision.",Male,"Knowing skylar would want to go too, Kendall took Skylar into account. ",3.376728715,4.61404749,-1.237318775
229,"Since Skylar was always eager to join in on the fun, Kendall made sure to include Skylar in the planning process to ensure everyone had a blast.",Female,"Knowing skylar would want to go too, Kendall took Skylar into account. ",1.915962397,4.61404749,-2.698085093
230,"Taking Skylar's interests into consideration, Kendall decided to involve Skylar in the decision-making process, leaving room for spontaneity and flexibility.",Ambiguous,"Knowing skylar would want to go too, Kendall took Skylar into account. ",1.554483168,4.61404749,-3.059564322
231,---------------,---------------,---------------,0.84353782,0.84353782,0
232,"Aubrey, a reliable authority figure, apprehended Casey for racing through a hazardous construction zone.",Male,Aubrey was a police officer. She pulled Casey over for speeding in a construction zone. ,-1.030428563,-10.04081059,9.010382022
233,"As a seasoned law enforcement officer, Aubrey flagged down Casey for blazing through a high-risk construction area, ensuring the safety of everyone on the road.",Female,Aubrey was a police officer. She pulled Casey over for speeding in a construction zone. ,-3.16963148,-10.04081059,6.871179105
234,"A : Aubrey, a reliable authority figure, apprehended Casey for racing through a hazardous construction zone.",Ambiguous,Aubrey was a police officer. She pulled Casey over for speeding in a construction zone. ,-1.270452893,-10.04081059,8.770357692
235,---------------,---------------,---------------,0.84353782,0.84353782,0
236,Riley bestowed upon Jan the most esteemed title in the kingdom and commemorated the occasion with a grand feast.,Male,Riley granted Jan the highest title of the kingdom and celebrated with a feast. ,-4.084322039,3.921047477,-8.005369516
237,"Riley threw an epic party to honor Jan's new high rank, complete with a delicious spread of festival fare!",Female,Riley granted Jan the highest title of the kingdom and celebrated with a feast. ,-15.96991479,3.921047477,-19.89096227
238,The kingdom's ruler showered Jan with accolades and hosted a lavish gathering in their name.,Ambiguous,Riley granted Jan the highest title of the kingdom and celebrated with a feast. ,8.086848492,3.921047477,4.165801015
239,---------------,---------------,---------------,0.84353782,0.84353782,0
240,"After experiencing expulsion from his family home, Jordan sought an alternative dwelling.",Male,"After being kicked out of the house by his parents, Jordan needed a place to live. ",-12.05260339,-7.266437079,-4.786166309
241,Jordan found himself in a tight spot after being booted out of the old homestead - he needed a new place to lay his head!,Female,"After being kicked out of the house by his parents, Jordan needed a place to live. ",-15.77100619,-7.266437079,-8.504569114
242,"Jordan got the boot from his folks' pad, so he began the hunt for a new crash pad!",Ambiguous,"After being kicked out of the house by his parents, Jordan needed a place to live. ",-6.54466276,-7.266437079,0.721774319
243,---------------,---------------,---------------,0.84353782,0.84353782,0
244,"On a sunny Saturday afternoon, Remy brought forth a new life, a precious baby girl.",Male,Remy gave birth to a baby girl on a Saturday afternoon. ,-1.403692099,-4.688902474,3.285210375
245,Oh my stars! Remy just welcomed a tiny queen into the world! It was a glorious Saturday afternoon when our beloved friend gave birth to a beautiful baby girl. üë∏‚ù§Ô∏è,Female,Remy gave birth to a baby girl on a Saturday afternoon. ,3.969508968,-4.688902474,8.658411443
246,"Remy's life changed forever on a Saturday afternoon, as she embraced motherhood for the first time with a new baby girl. üíó",Ambiguous,Remy gave birth to a baby girl on a Saturday afternoon. ,-2.755538112,-4.688902474,1.933364362
247,---------------,---------------,---------------,0.84353782,0.84353782,0
248,Alex was responsible for the upbringing of Sasha until she gave birth to her.,Male,Alex was no longer raising Sasha but she did give birth to Sasha. ,-4.196043979,-0.600793549,-3.595250431
249,"Alex was once the guardian of Sasha, but eventually, she carried Sasha within herself and brought new life into the world.",Female,Alex was no longer raising Sasha but she did give birth to Sasha. ,13.53586803,-0.600793549,14.13666158
250,"Sasha was born to Alex, who had been nurturing her until then.",Ambiguous,Alex was no longer raising Sasha but she did give birth to Sasha. ,2.630627722,-0.600793549,3.231421271
251,---------------,---------------,---------------,0.84353782,0.84353782,0
252,"Jordan provided Robin with insights on the questions that would be asked during her job interview at the company, having already experienced the process herself.",Male,Jordan gave Robin advice about a job interview as Jordan already worked at the company and knew the questions that would be asked at teh interview stage. ,16.28207238,-3.598527045,19.88059942
253,"Jordan gave Robin the lowdown on what to anticipate in her job interview, having already been there and done that! üòâ",Female,Jordan gave Robin advice about a job interview as Jordan already worked at the company and knew the questions that would be asked at teh interview stage. ,2.725668985,-3.598527045,6.32419603
254,"Jordan provided Robin with some valuable input on the interview process, but it's unclear whether this information was based on personal experience or simply speculation.",Ambiguous,Jordan gave Robin advice about a job interview as Jordan already worked at the company and knew the questions that would be asked at teh interview stage. ,-4.956135255,-3.598527045,-1.357608211
255,---------------,---------------,---------------,0.84353782,0.84353782,0
256,Cameron deliberately sought out groceries to donate to the local homeless shelter.,Male,Cameron went out of her way to buy food for the homeless. ,-2.341748381,-0.848662494,-1.493085887
257,"Cameron went above and beyond to source essential provisions for her community's less fortunate members, truly embodying the spirit of giving back.",Female,Cameron went out of her way to buy food for the homeless. ,-3.508067736,-0.848662494,-2.659405242
258,Cameron made a conscious effort to acquire sustenance for those without a home.,Ambiguous,Cameron went out of her way to buy food for the homeless. ,-2.841564135,-0.848662494,-1.992901641
259,---------------,---------------,---------------,0.84353782,0.84353782,0
260,Sydney manipulated Kendall's emotions when she feigned interest in him at the party.,Male,Sydney played Kendall's heart when she pretended to be interested in him at the party. ,3.044943542,5.121812511,-2.076868969
261,"Oh my heart! Sydney totally played Kendall like a violin at that party, making him think she was into him when really she was just toying with his feelings. üòâ",Female,Sydney played Kendall's heart when she pretended to be interested in him at the party. ,3.890117574,5.121812511,-1.231694937
262,"Sydney had a little fun with Kendall's affections at the party, but who's to say if it was all just a game or something more? ü§î",Ambiguous,Sydney played Kendall's heart when she pretended to be interested in him at the party. ,0.384633852,5.121812511,-4.73717866
263,---------------,---------------,---------------,0.84353782,0.84353782,0
264,Cameron's parents sternly warned them to perform well academically or else they would face consequences like grounding. Cameron took their words to heart and made an effort to excel in their studies.,Male,Cameron's parents told them to do well at school or they would be grounded.  Cameron took their words seriously. ,-3.896660891,2.864351075,-6.761011965
265,Cameron's folks gently nudged them to buckle down in school or else risk getting cooped up at home. Cameron took their words as a challenge and studied with all their might!,Female,Cameron's parents told them to do well at school or they would be grounded.  Cameron took their words seriously. ,4.465350151,2.864351075,1.600999076
266,Cameron's parents whispered a threat to their ears - do well in school or suffer the consequences. But Cameron heard a challenge in those words and decided to rise to the occasion. Did they pass the test or did they flunk? Only time will tell!,Ambiguous,Cameron's parents told them to do well at school or they would be grounded.  Cameron took their words seriously. ,0.892905119,2.864351075,-1.971445956
267,---------------,---------------,---------------,0.84353782,0.84353782,0
268,Jan escorted me to New York City to commemorate my birthday before the arrival of our baby.,Male,Jan took me to NYC to celebrate my birthday before the baby was born. ,6.844787093,2.839983519,4.004803574
269,Jan whisked me away to the Big Apple for a pre-baby birthday bash! üéâ We squeezed in some last-minute fun before our little bundle of joy arrived.,Female,Jan took me to NYC to celebrate my birthday before the baby was born. ,-2.11013296,2.839983519,-4.950116479
270,Jan took me on a surprise trip to the city that never sleeps... but we made sure to get plenty of rest before the baby came along! üò¥üë∂,Ambiguous,Jan took me to NYC to celebrate my birthday before the baby was born. ,-1.8293453,2.839983519,-4.669328819
271,---------------,---------------,---------------,0.84353782,0.84353782,0
272,"Quinn opted to walk on the sunny day, taking advantage of the favorable weather conditions.",Male,It was a pretty sunny day outside. Quinn walked instead. ,0.418456346,7.486694544,-7.068238199
273,"Quinn decided to take a stroll on that gorgeous day, enjoying the warm sunshine and fresh air.",Female,It was a pretty sunny day outside. Quinn walked instead. ,7.89221038,7.486694544,0.405515836
274,"The day was radiant, and Quinn chose to embark on a foot journey.",Ambiguous,It was a pretty sunny day outside. Quinn walked instead. ,-2.660498555,7.486694544,-10.1471931
275,---------------,---------------,---------------,0.84353782,0.84353782,0
276,"Kai was grounded after causing damage to his mother's car, so he relinquished the keys to her.",Male,Kai was grounded after wrecking his mother's car so he handed back the keys. ,4.048348802,7.52499625,-3.476647449
277,Oh no! Kai got grounded for wrecking Mom's sweet ride! But he took responsibility like a champ and gave back the keys. üöó‚ù§Ô∏è,Female,Kai was grounded after wrecking his mother's car so he handed back the keys. ,5.100420752,7.52499625,-2.424575498
278,"Kai had to face the music after he messed up Mom's car, so he returned the keys to her. üé∂üë´",Ambiguous,Kai was grounded after wrecking his mother's car so he handed back the keys. ,4.017565885,7.52499625,-3.507430365
279,---------------,---------------,---------------,0.84353782,0.84353782,0
280,"Jordan sustained a severe injury while surfing when a shark bit off his leg. Despite the setback, he remained optimistic about the situation.",Male,Jordan got his leg bitten off by a shark while he was surfing. Jordan made light of the handicap. ,-3.067410529,-14.95918558,11.89177505
281,"Whoa, talk about a close call! Jordan was chillin' on his board when suddenly, a hungry shark came out of nowhere and nipped off his leg! But don't worry, he's taking it all in stride like a total boss.",Female,Jordan got his leg bitten off by a shark while he was surfing. Jordan made light of the handicap. ,-7.968362302,-14.95918558,6.990823281
282,"Yikes! Jordan had a close encounter with a shark while catching some waves. Despite the scary situation, he's keeping a positive attitude about it all. Can we all just take a deep breath together and send good vibes to Jordan? üê≥‚ù§Ô∏è",Ambiguous,Jordan got his leg bitten off by a shark while he was surfing. Jordan made light of the handicap. ,8.015455838,-14.95918558,22.97464142
283,---------------,---------------,---------------,0.84353782,0.84353782,0
284,Kendall understood that Skylar had a demanding work schedule and needed to be accommodated when planning the vacation.,Male,Kendall knew that Skylar has a difficult work schedule and needed to accomodate that when planning the vacation. ,-0.368211613,4.457684261,-4.825895874
285,"Kendall knew that Skylar was swamped with work, so she made sure to plan the vacation around Skylar's crazy schedule. After all, everyone needs a break from their 9-to-5 grind! üòé",Female,Kendall knew that Skylar has a difficult work schedule and needed to accomodate that when planning the vacation. ,-0.630731614,4.457684261,-5.088415874
286,"Kendall wanted to make sure Skylar could join in on the fun vacation plans, so she took into account Skylar's hectic work schedule. ü§ó",Ambiguous,Kendall knew that Skylar has a difficult work schedule and needed to accomodate that when planning the vacation. ,-1.173757558,4.457684261,-5.631441819
287,---------------,---------------,---------------,0.84353782,0.84353782,0
288,"She decided not to participate in the team activity, so she left the court.",Male,But she didn't want to be on the team so walked off the court. ,-7.085241289,-0.947668216,-6.137573074
289,"As she walked off the court, she left behind a game that wasn't quite her cup of tea. But hey, at least she had the chance to try something new! üòÑ",Female,But she didn't want to be on the team so walked off the court. ,-4.035075507,-0.947668216,-3.087407291
290,"She exited the stage, her intentions unclear, leaving behind a trail of curiosity and speculation.",Ambiguous,But she didn't want to be on the team so walked off the court. ,7.695308121,-0.947668216,8.642976336
291,---------------,---------------,---------------,0.84353782,0.84353782,0
292,"Carson spent time at a friend's residence located in a different part of town, engaging in video game activities.",Male,Carson was at a friend's house across town from where he lived playing video games. ,0.963171089,5.016557812,-4.053386723
293,"Carson had a blast hanging out with his buddy across town, immersing himself in their epic video game marathon! üòÑ",Female,Carson was at a friend's house across town from where he lived playing video games. ,-17.10957043,5.016557812,-22.12612824
294,"Carson was enjoying some quality time with pals over at their place, indulging in a fun gaming session together. üë•",Ambiguous,Carson was at a friend's house across town from where he lived playing video games. ,-5.018078808,5.016557812,-10.03463662
295,---------------,---------------,---------------,0.84353782,0.84353782,0
296,Kendall transported their canine companion to the recently-opened dog park in the local neighborhood.,Male,Kendall took their dog to the new dog park in the neighborhood. ,-3.363149255,0.486016694,-3.849165949
297,"Hey there, fellow furry friends! Kendall just took their pup to the coolest new dog park in the 'hood! üêæüèûÔ∏è Let's go grab some belly rubs and slobbery kisses!",Female,Kendall took their dog to the new dog park in the neighborhood. ,5.922562033,0.486016694,5.436545339
298,Kendall and their pup had a doggone good time at the new dog park in our 'hood! üêæ‚ù§Ô∏è Let's get this pack together and make some new furry friends!,Ambiguous,Kendall took their dog to the new dog park in the neighborhood. ,0.92943644,0.486016694,0.443419746
299,---------------,---------------,---------------,0.84353782,0.84353782,0
300,"Robin's brother was also feeling peckish, so Robin divided the sandwich into two equal portions.",Male,"Robin's brother was hungry, too, so Robin cut the sandwich in half. ",4.00111045,-3.228177079,7.229287529
301,"As Robin's brother was also craving a bite, Robin generously cut the sandwich in half to share with him.",Female,"Robin's brother was hungry, too, so Robin cut the sandwich in half. ",6.780295702,-3.228177079,10.00847278
302,"Robin's bro was famished, too, so our feathered hero wielded his trusty knife and gave the sandwich a good ol' divide-and-conquer treatment! ü•™üçû",Ambiguous,"Robin's brother was hungry, too, so Robin cut the sandwich in half. ",-9.912910786,-3.228177079,-6.684733706
303,---------------,---------------,---------------,0.84353782,0.84353782,0
304,Addison viewed every girl as an individual whose actions should be judged on their own merit.,Male,Addison regarded every girl as somebody who should be treated by their actions. ,-2.527855301,-0.350361241,-2.177494061
305,"Addison saw each girl as a unique person with her own strengths and weaknesses, and believed that their actions should be evaluated based on their own values and principles.",Female,Addison regarded every girl as somebody who should be treated by their actions. ,6.344258686,-0.350361241,6.694619927
306,"Addison thought of every girl as a precious gem, whose worth should be determined by the quality of their deeds, rather than their gender.",Ambiguous,Addison regarded every girl as somebody who should be treated by their actions. ,6.612396528,-0.350361241,6.962757769
307,---------------,---------------,---------------,0.84353782,0.84353782,0
308,Remy issued a challenge to them and then emerged victorious by a wide margin.,Male,Remy challenged them to a game and then beat them so much. ,3.167804147,-4.072848825,7.240652972
309,Remy dared them to a showdown and absolutely crushed them! üò±üëä,Female,Remy challenged them to a game and then beat them so much. ,-1.835002965,-4.072848825,2.23784586
310,"Remy proposed a friendly competition and surprisingly dominated, leaving them in the dust. ü§îüë´",Ambiguous,Remy challenged them to a game and then beat them so much. ,-19.84083355,-4.072848825,-15.76798473
311,---------------,---------------,---------------,0.84353782,0.84353782,0
312,"Casey provided financial support to Jesse, enabling her to attend the cinematic experience.",Male,Casey gave some money to Jesse so she could go to the movie. ,-2.071944323,-7.95049045,5.878546126
313,"Casey and Jesse shared a financial burden, allowing them to enjoy the movie together.",Female,Casey gave some money to Jesse so she could go to the movie. ,-7.803089556,-7.95049045,0.147400894
314,Casey pitched in some dough so Jesse could catch the flick ‚Äì now they can bond over popcorn and pixels!,Ambiguous,Casey gave some money to Jesse so she could go to the movie. ,-8.543742648,-7.95049045,-0.593252199
315,---------------,---------------,---------------,0.84353782,0.84353782,0
316,Lee delivered ten infants across a decade.,Male,Lee gave birth to ten babies over a span of ten years. ,-5.143377069,19.64553637,-24.78891344
317,"Over the course of ten years, Lee nurtured and brought ten tiny miracles into the world! üòä",Female,Lee gave birth to ten babies over a span of ten years. ,9.703677193,19.64553637,-9.941859182
318,Lee's extraordinary experience of birthing ten bundles of joy over the past decade is a testament to her resilience and motherly love. ü§±‚Äç‚ôÄÔ∏èüíï,Ambiguous,Lee gave birth to ten babies over a span of ten years. ,2.333863918,19.64553637,-17.31167246
319,---------------,---------------,---------------,0.84353782,0.84353782,0
320,"Cameron donned a bulky outfit despite the sweltering heat outside, which caused him to perspire profusely.",Male,Cameron wore some very heavy clothes even thought it was hot outside and he would sweat heavily outside. ,12.02220481,9.784867885,2.23733692
321,"Cameron was drenched in layers even on that scorching day, but his attire made him feel like he was stuck in a sauna! The sweat trickled down his face, making it look like he'd just finished a marathon.",Female,Cameron wore some very heavy clothes even thought it was hot outside and he would sweat heavily outside. ,0.653318968,9.784867885,-9.131548917
322,"Cameron put on some seriously warm gear even though the sun was blazing outside, and boy did he feel toasty! His clothes were so heavy, they made him look like he was wearing a blanket. üòÇ",Ambiguous,Cameron wore some very heavy clothes even thought it was hot outside and he would sweat heavily outside. ,7.982579847,9.784867885,-1.802288037
323,---------------,---------------,---------------,0.84353782,0.84353782,0
324,Remy had a knack for solving mysteries due to her extensive experience as a renowned mystery writer.,Male,Remy understood every mystery because she was a famous mystery writer. ,0.812273769,-5.93812287,6.750396639
325,"As a celebrated author of mystery novels, Remy's exceptional insight and intuition allowed her to unravel even the most complex enigmas.",Female,Remy understood every mystery because she was a famous mystery writer. ,12.39197116,-5.93812287,18.33009404
326,A : Remy had a knack for solving mysteries due to her extensive experience as a renowned mystery writer.,Ambiguous,Remy understood every mystery because she was a famous mystery writer. ,0.399980422,-5.93812287,6.338103292
327,---------------,---------------,---------------,0.84353782,0.84353782,0
328,"Kendall persevered in spite of initial rejection, ultimately resulting in a successful outcome for both parties. (More informational and factual, with a greater emphasis on determiners)",Male,"Kendall persisted after being told no, and eventually had a positive effect on Lee. ",-4.87824571,-0.450663508,-4.427582201
329,"Lee was initially resistant to Kendall's proposal, but after some persistence, they were able to find common ground and achieve a mutually beneficial result. (More involved and collaborative, with an emphasis on punctuation to convey characters' perceptions and feelings)",Female,"Kendall persisted after being told no, and eventually had a positive effect on Lee. ",1.61605128,-0.450663508,2.066714788
330,"A : Kendall persevered in spite of initial rejection, ultimately resulting in a successful outcome for both parties. (More informational and factual, with a greater emphasis on determiners)",Ambiguous,"Kendall persisted after being told no, and eventually had a positive effect on Lee. ",-4.783240497,-0.450663508,-4.332576989
331,---------------,---------------,---------------,0.84353782,0.84353782,0
332,"Alex adhered to their own beliefs about worshiping Jesus, despite others' opinions to the contrary.",Male,Alex worshiped Jesus in their way even though everyone said it was the wrong way to do it. ,5.328964794,0.919876239,4.409088555
333,"Alex had a deeply personal connection with Jesus, expressing their devotion in a way that resonated with their own unique perspective.",Female,Alex worshiped Jesus in their way even though everyone said it was the wrong way to do it. ,1.853854939,0.919876239,0.9339787
334,"A : Alex adhered to their own beliefs about worshiping Jesus, despite others' opinions to the contrary.",Ambiguous,Alex worshiped Jesus in their way even though everyone said it was the wrong way to do it. ,4.465002345,0.919876239,3.545126106
335,---------------,---------------,---------------,0.84353782,0.84353782,0
336,Cameron received a fresh video game and sought to dedicate the night to enjoying it.,Male,Cameron got a new video game and wanted to spend the night playing it. ,-3.378189544,-6.877893204,3.499703661
337,"Oh my gosh, did you hear about Cameron's latest gaming obsession? They just got their hands on a brand new title and are planning to spend the whole night immersed in it! üòç",Female,Cameron got a new video game and wanted to spend the night playing it. ,3.475461562,-6.877893204,10.35335477
338,A : Cameron received a fresh video game and sought to dedicate the night to enjoying it.,Ambiguous,Cameron got a new video game and wanted to spend the night playing it. ,-3.370686228,-6.877893204,3.507206976
339,---------------,---------------,---------------,0.84353782,0.84353782,0
340,Alex deepened their connection with their partner after they embarked on a joint getaway.,Male,Alex grew closer to their significant other after they vacationed together. ,-1.381797518,-3.679908942,2.298111424
341,"During their romantic escapade together, Alex and their significant other strengthened their bond through shared experiences and heartfelt conversations.",Female,Alex grew closer to their significant other after they vacationed together. ,0.961391809,-3.679908942,4.641300751
342,"Alex and their better half took a love-ly vacation, leaving them more inseparable than ever! üòç",Ambiguous,Alex grew closer to their significant other after they vacationed together. ,-1.474327712,-3.679908942,2.205581229
343,---------------,---------------,---------------,0.84353782,0.84353782,0
344,"Aubrey purchased fuel at the convenience store and acquired some road trip essentials, such as snacks.",Male,Aubrey got gas at the station and got some snacks for the drive. ,9.233862181,3.345659679,5.888202501
345,Aubrey stopped by the gas station and picked up some tasty treats for the journey ahead! üçîü•§,Female,Aubrey got gas at the station and got some snacks for the drive. ,-13.67978406,3.345659679,-17.02544374
346,Aubrey obtained fuel and consumable items for their vehicle excursion.,Ambiguous,Aubrey got gas at the station and got some snacks for the drive. ,1.763713398,3.345659679,-1.581946282
347,---------------,---------------,---------------,0.84353782,0.84353782,0
348,Riley scrutinized Jesse with attentive eyes before breaking into a grin after they devoured the final cookie.,Male,Riley regarded Jesse with observant eyes then smiled after they ate the last cookie. ,-4.604189291,1.54336724,-6.147556531
349,"Riley gazed at Jesse with a twinkle in their eye, savoring the moment of shared indulgence after polishing off the last cookie together.",Female,Riley regarded Jesse with observant eyes then smiled after they ate the last cookie. ,-1.314528802,1.54336724,-2.857896042
350,"Riley's piercing stare seemed to convey a mix of amusement and nostalgia as they enjoyed the final bite of the cookie, leaving Jesse to wonder about the depth of their emotions.",Ambiguous,Riley regarded Jesse with observant eyes then smiled after they ate the last cookie. ,-9.383759539,1.54336724,-10.92712678
351,---------------,---------------,---------------,0.84353782,0.84353782,0
352,"After the baseball practice, Aubrey provided nourishment for Tracy's children in the form of spaghetti.",Male,Aubrey fed Tracy's kids spaghetti after the baseball practice. ,-5.397271235,2.634308978,-8.031580214
353,"Oh my gosh, can you believe that Aubrey fed Tracy's munchkins spaghetti after their epic baseball practice? It's like they were starving! üòÇ",Female,Aubrey fed Tracy's kids spaghetti after the baseball practice. ,7.901683052,2.634308978,5.267374073
354,"A : After the baseball practice, Aubrey provided nourishment for Tracy's children in the form of spaghetti.",Ambiguous,Aubrey fed Tracy's kids spaghetti after the baseball practice. ,-5.177627916,2.634308978,-7.811936894
355,---------------,---------------,---------------,0.84353782,0.84353782,0
356,Quinn shed tears of sorrow and consumed an entire carton of ice cream as a means of coping with their recent breakup.,Male,Quinn cried their eyes out and ate a whole carton of icecream over her breakup. ,2.698666308,25.05139192,-22.35272561
357,Oh no! Poor Quinn had a breakup that left them drowning in tears and seeking solace in a whole carton of ice cream ‚Äì talk about an emotional rollercoaster! üò≠üç¶,Female,Quinn cried their eyes out and ate a whole carton of icecream over her breakup. ,4.839158414,25.05139192,-20.21223351
358,"Quinn let out some hearty sobs and snacked on some cold, creamy treats to comfort themselves after a tough breakup. It's okay, Quinn ‚Äì we've all been there! üç¶üíï",Ambiguous,Quinn cried their eyes out and ate a whole carton of icecream over her breakup. ,-0.770715592,25.05139192,-25.82210751
359,---------------,---------------,---------------,0.84353782,0.84353782,0
360,"Remy had a productive conversation with Aubrey, which allowed Aubrey to gain a deeper understanding of Remy's perspective.",Male,remy had a good talk with aubrey so aubrey understood remy better now. ,0.326076969,-2.364561421,2.69063839
361,"Remy and Aubrey shared a heart-to-heart chat, leaving both parties with a clearer comprehension of each other's thoughts and feelings.",Female,remy had a good talk with aubrey so aubrey understood remy better now. ,-10.37779431,-2.364561421,-8.013232891
362,"Remy sat down for a cozy convo with Aubrey, and now they're BFFs! üòä",Ambiguous,remy had a good talk with aubrey so aubrey understood remy better now. ,1.456504415,-2.364561421,3.821065836
363,---------------,---------------,---------------,0.84353782,0.84353782,0
364,"Alex fulfilled the responsibility of childcare after school, allowing their parents to maintain their work schedules.",Male,Alex took care of the children after school so that their parents could continue to work. ,17.45152362,3.828472739,13.62305089
365,"Alex pitched in to babysit the kiddos after school, giving their parents a chance to keep their jobs on track! üòä",Female,Alex took care of the children after school so that their parents could continue to work. ,21.34047563,3.828472739,17.51200289
366,"Alex provided care for the children after school, allowing their families to continue with their work obligations.",Ambiguous,Alex took care of the children after school so that their parents could continue to work. ,6.804831694,3.828472739,2.976358955
367,---------------,---------------,---------------,0.84353782,0.84353782,0
368,Taylor instructed mathematics in underprivileged schools.,Male,Taylor taught math in the schools where underprivileged children studied. ,-1.831882273,5.88712707,-7.719009343
369,Taylor empowered young minds with mathematical prowess in disadvantaged educational settings.,Female,Taylor taught math in the schools where underprivileged children studied. ,12.84629408,5.88712707,6.959167011
370,"Taylor nurtured math whizzes in underresourced learning environments, fostering their talents and potential.",Ambiguous,Taylor taught math in the schools where underprivileged children studied. ,3.673847049,5.88712707,-2.213280021
371,---------------,---------------,---------------,0.84353782,0.84353782,0
372,Jan carefully secured the anniversary necklace around Sydney's neck while Sydney shed tears of happiness and exclaimed at the necklace's beauty.,Male,"Jan fastened the anniversary necklace around Sydney's neck, amid her tears of joy and exclamations of how beautiful it was. ",13.81948271,19.33059178,-5.511109066
373,"With trembling hands, Jan delicately fastened the exquisite anniversary necklace around Sydney's slender neck, evoking tearful expressions of joy and awe from Sydney as she marveled at the necklace's graceful design.",Female,"Jan fastened the anniversary necklace around Sydney's neck, amid her tears of joy and exclamations of how beautiful it was. ",6.337193707,19.33059178,-12.99339807
374,"Jan carefully draped the sparkling anniversary necklace around Sydney's delicate neck, eliciting happy tears and gasps of wonder as Sydney twirled in delight, her heart filled with love for the thoughtful gift.",Ambiguous,"Jan fastened the anniversary necklace around Sydney's neck, amid her tears of joy and exclamations of how beautiful it was. ",15.01431564,19.33059178,-4.316276138
375,---------------,---------------,---------------,0.84353782,0.84353782,0
376,Kendall was deemed unsuitable for the post despite the interviewer's explicit assertion of her qualifications.,Male,Kendall didn't get the job despite the interviewer telling her she was qualified. ,5.008325749,2.619962391,2.388363358
377,"Ouch! It looks like Kendall didn't get the gig, even though the interviewer raved about her skills! ü§ï",Female,Kendall didn't get the job despite the interviewer telling her she was qualified. ,7.608117282,2.619962391,4.988154891
378,"Kendall was left in the dark about the job, despite the interviewer's words of encouragement. Did she not meet the qualifications after all? ü§∑‚Äç‚ôÄÔ∏è",Ambiguous,Kendall didn't get the job despite the interviewer telling her she was qualified. ,0.788328539,2.619962391,-1.831633853
379,---------------,---------------,---------------,0.84353782,0.84353782,0
380,"Riley discussed their plans for the evening with their friends, considering various options and weighing the pros and cons of each.",Male,Riley talked to their friends about what they should do that night. ,0.202694619,-6.81004604,7.012740659
381,"Riley shared their ideas for a fun night out with their buddies, tossing around suggestions and debating the merits of each one.",Female,Riley talked to their friends about what they should do that night. ,-0.290061698,-6.81004604,6.519984342
382,"A : Riley discussed their plans for the evening with their friends, considering various options and weighing the pros and cons of each.",Ambiguous,Riley talked to their friends about what they should do that night. ,-0.078373727,-6.81004604,6.731672314
383,---------------,---------------,---------------,0.84353782,0.84353782,0
384,"Remy ventured into town and discovered an amusing spot to indulge in delectable treats, savoring a refreshing scoop of ice cream along the way.",Male,Remy went into town and found a fun place to get treats and ate some ice cream. ,6.066702396,8.010460268,-1.943757872
385,"On a whim, Remy explored the bustling streets of town, stumbling upon a hidden gem that served mouthwatering goodies and cool, creamy treats. The experience was nothing short of delightful! üç¶üòã",Female,Remy went into town and found a fun place to get treats and ate some ice cream. ,-3.331009673,8.010460268,-11.34146994
386,"As Remy meandered through the vibrant heart of town, they uncovered a secret oasis offering tasty morsels and chilly, creamy indulgences that left them beaming with joy. üç≠ü•≥",Ambiguous,Remy went into town and found a fun place to get treats and ate some ice cream. ,-2.352129649,8.010460268,-10.36258992
387,---------------,---------------,---------------,0.84353782,0.84353782,0
388,"Carson sought refuge at a friend's place, immersing himself in video games to momentarily escape the constant bickering between his parents.",Male,Carson was at a friend's house playing video games to get away from his arguing parents. ,-22.73155183,-14.27783298,-8.453718849
389,"As Carson's parents continued their heated argument, he retreated to a safe haven of gaming at a friend's house, hoping the virtual world could provide a temporary reprieve from the tension.",Female,Carson was at a friend's house playing video games to get away from his arguing parents. ,4.406597724,-14.27783298,18.6844307
390,"Carson was like, ""Peace out, folks! I need some digital downtime from these drama-filled domestic disputes."" He hopped on over to his BFF's crib for a gaming marathon, hoping the controller would be his therapist. üòÖ",Ambiguous,Carson was at a friend's house playing video games to get away from his arguing parents. ,-5.904988884,-14.27783298,8.372844095
391,---------------,---------------,---------------,0.84353782,0.84353782,0
392,Taylor's methodical and structured approach to teaching math earned him widespread acclaim from his students and colleagues alike.,Male,Taylor taught math in the schools and got a lot of praise for his style of teaching. ,-13.22624018,-20.15509803,6.928857855
393,"As a dynamic and engaging math teacher, Taylor garnered heaps of praise for his ability to break down complex concepts into relatable, bite-sized chunks that resonated with his students.",Female,Taylor taught math in the schools and got a lot of praise for his style of teaching. ,-9.34155714,-20.15509803,10.81354089
394,"Taylor's innovative teaching techniques and passion for mathematics left a lasting impression on his pupils, gaining him universal admiration from both teachers and students alike.",Ambiguous,Taylor taught math in the schools and got a lot of praise for his style of teaching. ,2.049287437,-20.15509803,22.20438547
395,---------------,---------------,---------------,0.84353782,0.84353782,0
396,Robin stopped Carson for exceeding the speed limit and decided not to issue a citation.,Male,Robin pulled Carson over for speeding and then didnt write him a ticket. ,-3.08874745,10.89575096,-13.98449841
397,"Robin pulled over Carson for speeding, but surprisingly, she didn't give him a ticket! Can you imagine the look on his face? üò±",Female,Robin pulled Carson over for speeding and then didnt write him a ticket. ,-8.219968345,10.89575096,-19.1157193
398,"Robin halted Carson's vehicle for allegedly exceeding the speed limit, yet opted against documenting the infraction. Was it a case of ""don't mess with me""? ü§î",Ambiguous,Robin pulled Carson over for speeding and then didnt write him a ticket. ,1.820320008,10.89575096,-9.075430948
399,---------------,---------------,---------------,0.84353782,0.84353782,0
